symbol,display_symbol,name,aliases,shortname,last_price_usd,price_change_1H_percent,price_change_1D_percent,price_change_7D_percent,price_change_30D_percent,price_change_90D_percent,price_change_180D_percent,price_change_365D_percent,price_change_YTD_percent,volume_24_usd,display,trading_since,supply,last_update,ico_end,include_supply,use_volume,market_cap_usd
BTC,BTC,Bitcoin,,bitcoin,10423,,-5.278507489052521,6.09395966805399,-3.2063608438275035,26.973693380406814,140.9063335605138,837.439634240857,,5331192808,true,2010-08-16 00:00:00,16830102,,,true,true,175425443931
ETH,ETH,Ethereum,,ethereum,839.12,,-4.738451492525319,-10.015178181040403,-15.019035704943335,93.25606069165093,153.51193295364075,6525.168268190582,,2124210809,true,2015-08-07 14:55:00,97096206,,,true,true,81475232615
XRP,XRP,XRP,ripple,ripple,0.9789250152911764,,-6.692826628596917,-13.734694828095165,-30.957980984215833,303.52958007252204,351.48199983556674,16651.8977977444,,713037211,true,2013-08-04 18:55:00,38920508685,,,true,true,38100259560
BCH,BCH,Bitcoin Cash,,bitcoin-cash,1253.5,,-8.15472697758691,-6.51864431407622,-22.589706276147243,-24.56417155579523,98.22886370491908,,,453242248,true,2017-07-23 16:35:00,16968370,,,true,true,21269900867
LTC,LTC,Litecoin,,litecoin,207.49,,-6.28287570181028,-7.6610056337501735,17.16198840133836,176.8623684817191,306.64703958217245,5345.488427196779,,819209661,true,2013-04-28 18:50:00,54903350,,,true,true,11391855323
ADA,ADA,Cardano,,cardano,0.3294113777306587,,-5.021691642354435,-15.444542523804602,-41.258631366171365,1080.0538928733517,,,,50572624,true,2017-10-01 20:45:00,27870170690,,,true,true,9180751325
NEO,NEO,NEO,,neo,118.35,,-4.515286202955348,-3.0883951343056144,-1.210790111722606,239.28502490458695,203.7628934226519,99388.67892188914,,112707310,true,2016-09-09 03:15:00,65116449,,,true,true,7706810054
XLM,XLM,Stellar,,stellar,0.3718657563362317,,-5.137315665936198,-16.787983992813857,-21.67944670971962,818.9927728362626,1740.4231471232586,18265.320121987945,,53307199,true,2014-08-05 05:50:00,18970739271,,,true,true,7054568308
DASH,DASH,Dash,,dash,652.95,,-6.438005047331717,-5.677416214034324,-15.041725185294352,15.980885903308465,83.06678884514356,2916.832648712747,,85991819,true,2014-02-14 13:50:00,7758269,,,true,true,5065794270
XMR,XMR,Monero,,monero,302.51,,-3.086362265267317,7.911910366283152,-3.25049032442028,89.18235283405201,132.10362167471177,2356.328510346597,,134312135,true,2014-05-21 01:45:00,15689179,,,true,true,4746144918
IOT,MIOTA,IOTA,,iota,1.6841082137820507,,-7.405791431319245,-18.492600996203006,-31.268558449320388,128.3319445228354,83.48870594155473,,,37724038,true,2017-06-13 14:35:00,2798967055,,,true,true,4713763408
XEM,XEM,NEM,,nem,0.44071164035928173,,-5.222564375975643,-19.77295696188561,-53.85416672637039,116.2376506042996,64.48527522660208,6799.908078755339,,22987529,true,2015-04-01 00:35:00,9195507826,,,true,true,4052567338
ETC,ETC,Ethereum Classic,,ethereum-classic,34.29,,-8.641871623687292,0.6669326692316475,19.076796284285596,79.87198376784022,125.16605504395093,2697.738479608301,,629761082,true,2016-07-24 13:50:00,99930329,,,true,true,3427032867
TRX,TRX,TRON,,tron,0.043016968167247385,,-6.393887675415234,-7.228077651868,-37.32379763537512,1969.6357665386174,,,,159275098,true,2017-09-13 01:20:00,64802491804,,,true,true,2787606727
BTG,BTG,Bitcoin Gold,,bitcoin-gold,120.93,,-5.705075823871082,-6.366718368320499,-37.31180554336721,-66.69014189627805,,,,29802549,true,2017-10-23 19:45:00,16845343,,,true,true,2037131941
OMG,OMG,OMG Network,,omisego,17.13,,-5.153738734330522,10.25843000177455,10.036241706276243,124.26807037148915,111.36075763692558,,,73096634,true,2017-07-14 04:40:00,103875257,,,true,true,1779282055
ICX,ICX,ICON,,icon,4,,-4.521827257393955,-11.848376508486806,-50.43472787710876,280.5260304618615,,,,44076888,true,2017-10-27 00:25:00,376118145,,,true,true,1506122649
ZEC,ZEC,Zcash,,zcash,422.99,,-4.003219579830525,-11.744988371642657,-5.139340235283482,34.34076220243364,60.13350407386924,1379.9862811724279,,74675944,true,2016-10-29 15:25:00,3365865,,,true,true,1423728378
XVG,XVG,Verge,,verge,0.06398673554571437,,-7.232464028653878,9.134107296089642,-30.786447745751065,1102.6245492524831,2618.7301012291805,264494.9335929729,,22188921,true,2014-10-25 22:20:00,14256920164,,,true,true,912253780
STEEM,STEEM,Steem,,steem,3.42,,-7.085487580586158,-20.336431678430746,-19.354685327867347,263.7941928092928,134.91930753109696,3278.3698015580235,,1964348,true,2016-04-18 16:25:00,263905716,,,true,true,903240066
BCN,BCN,Bytecoin,,bytecoin-bcn,0.005085278297619049,,-7.972677434567088,-10.547327744988879,-16.687100477262796,210.5648915145092,267.11825154367864,9235.207244016345,,5613226,true,2014-06-17 13:05:00,171309735688,,,true,true,871157681
STRAX,STRAX,Stratis,,stratis,7.62,,-9.223982722073478,-17.636784822111643,-37.30955881491552,86.40302811674357,24.981395354182297,9549.464497539926,,9281061,true,2016-08-12 01:50:00,100238385,,,true,true,764303223
SC,SC,Siacoin,,siacoin,0.0237226799826087,,-7.875675165134766,-10.058995687683888,-38.836677599842695,376.18572118554533,240.225048401149,7232.439507378291,,14347299,true,2015-08-26 18:25:00,32203755918,,,true,true,763959396
DOGE,DOGE,Dogecoin,,dogecoin,0.0065222958825214925,,-7.187990337435438,-12.611710101922439,-2.898030743427027,244.0921809815543,268.8839194224344,3069.9116113040213,,17666415,true,2013-12-15 14:50:00,111114845319,,,true,true,724723898
REV4,REV,RChain,,rchain,2.02,,-10.995736093970855,-8.732100097783304,18.319937380177436,822.173915259535,,,,703023,true,2017-10-06 22:45:00,357769454,,,true,true,723599372
WAVES,WAVES,Waves,,waves,7.11,,-9.874306800142223,-0.07307904849905562,-17.35350811913511,37.08492900774017,31.46250914020466,3070.78237883433,,26410172,true,2016-06-02 21:20:00,98688918,,,true,true,701587055
SNT,SNT,Status,,status,0.1768852633534743,,-5.622098801190742,-19.607675823384582,-35.45798862146497,461.1000047433519,250.06848922656704,,,6677059,true,2017-06-28 21:25:00,3729732709,,,true,true,659734753
MKR,MKR,Maker,,maker,995.54,,-4.71143076972259,-12.916258160520796,-33.30099355876272,174.5266704674474,,,,1142770,true,2017-08-27 23:15:00,604529,,,true,true,601833892
BTS,BTS,BitShares,,bitshares,0.22559534515697657,,-5.060833944174258,-17.338854284690036,-29.07172453476728,106.53775736546484,64.67490895930068,5877.859232260756,,6422927,true,2014-07-21 03:50:00,2595797701,,,true,true,585599878
AE,AE,Aeternity,,aeternity,2.34,,-4.0243023563198275,-9.994704777501186,55.333238604191045,243.61553592218445,169.2345863001792,,,1614299,true,2017-08-12 00:10:00,230482139,,,true,true,539396283
WTC,WTC,Waltonchain,,waltonchain,21.5,,-1.355812925821021,-16.855358424806024,-28.320031668691275,378.97587695602766,,,,9330435,true,2017-08-27 21:25:00,24496670,,,true,true,526678496
DCR,DCR,Decred,,decred,75.33,,-6.160374660991357,-10.686880605481736,-16.06154469117888,65.21139565477174,106.05017870047777,3856.484295945225,,1136128,true,2016-02-10 20:05:00,6600417,,,true,true,497205615
VERI,VERI,Veritaseum,,veritaseum,253.44,,-6.394931744574274,-16.988193339478148,-26.626293600763297,178.32373564841228,125.47007444800957,,,377010,true,2017-06-11 03:00:00,1904272,,,true,true,482615514
ZCL,ZCL,ZClassic,,zclassic,145.84,,-6.179477447571917,-9.38015712458045,40.6709146805241,7755.734996891831,7318.335753959301,25399.611871415727,,23996947,true,2016-11-10 00:25:00,3303527,,,true,true,481788146
ZRX,ZRX,0x,,0x,0.9316271903038349,,-6.5398176726242845,-12.514578518607378,-42.94541474562891,322.2454437974152,165.87858561612038,,,9167386,true,2017-08-16 14:15:00,506103390,,,true,true,471499680
ETN,ETN,Electroneum,,electroneum,0.07801342324925814,,-3.776294762207845,3.394480889332628,-35.51942822704138,169.52760221314034,,,,1844989,true,2017-11-02 00:30:00,6000808713,,,true,true,468143630
KMD,KMD,Komodo,,komodo,4.15,,-9.232808381747075,-20.182499907206413,-32.35547969457123,70.65927709507534,211.8042155044841,3820.7191903348225,,1595781,true,2017-02-05 23:55:00,111785848,,,true,true,463670734
REV,REV,Revain,,revain,2.51,,-12.049745055553462,-17.58855596761119,247.82161474660737,1273.7777134614248,,,,17340691,true,2017-11-01 20:55:00,183171109,,,true,true,459517790
ARK,ARK,Ark,,ark,3.91,,-4.3938310876636875,-17.903561743280623,-31.4497220604321,29.48247802843641,141.00835444895586,,,1682488,true,2017-03-22 14:25:00,100932120,,,true,true,394939991
KCS,KCS,KuCoin Token,,kucoin,4.34,,-4.460029549563726,-26.33846725206942,-44.662233613331786,681.8942491013419,,,,1151942,true,2017-10-24 17:45:00,89229286,,,true,true,387153562
ZIL,ZIL,Zilliqa,,zilliqa,0.05466387626911317,,-6.252758251764086,-5.794052894833324,,,,,,8301623,true,2018-01-25 13:40:00,6357851498,,,true,true,347544808
DGB,DGB,DigiByte,,digibyte,0.035787027991279086,,-7.958004674309898,-18.783931196649945,-32.573375359465786,275.89040633631527,176.91937244559966,15017.36986993396,,3853554,true,2014-02-06 13:20:00,9711056609,,,true,true,347529855
LRC,LRC,Loopring,,loopring,0.6056803678149256,,-4.875233705452565,-11.559172735234615,-40.01780636016588,230.85075689098855,,,,1695544,true,2017-08-30 02:20:00,548871656,,,true,true,332440787
DRGN,DRGN,Dragonchain,,dragonchain,1.3562849055014745,,-11.85045728729328,-30.470316493899514,-43.802433628401175,,,,,2274720,true,2017-12-03 15:55:00,240160000,,,true,true,325725384
ELF,ELF,aelf,,aelf,1.3136175855751437,,-6.114826637389035,-3.6832213614035583,-5.811221450683358,,,,,15863255,true,2017-12-21 19:10:00,245512858,,,true,true,322510008
DENT,DENT,Dent,,dent,0.03087086309011629,,11.639020785439135,21.514184994029588,-12.137746148307917,4524.13147501423,2375.8861958630814,,,9418407,true,2017-08-12 23:45:00,10401421788,,,true,true,321100868
SYS,SYS,Syscoin,,syscoin,0.6170808528882173,,-10.559164559689634,-5.052008606224676,-2.051570315516104,186.9239389760758,388.42151801646014,6245.27150451243,,2388913,true,2014-08-20 11:10:00,520315547,,,true,true,321076762
MONA,MONA,MonaCoin,,monacoin,5.48,,-3.2555741623041534,9.0894869513269,-13.877319234099897,44.797035791590986,1073.9934271877712,19263.62162577893,,2961437,true,2014-03-20 05:15:00,57381269,,,true,true,314385577
KIN,KIN,Kin,,kin,0.0002978897663551402,,-8.814301275084349,-16.764704396238855,-35.892925265532426,319.47148399888135,,,,181302,true,2017-09-27 19:35:00,1048156619361,,,true,true,312235130
POLY,POLY,Polymath,,polymath,1.267105808193354,,-0.9145346688025536,23.259043856616362,,,,,,3438998,true,2018-02-02 03:20:00,234931394,,,true,true,297682934
KNC,KNC,Kyber Network Crystal,,kyber-network-crystal,2.22,,-2.3686562080008975,-17.604112448921853,-33.51282290306038,106.04697820991127,,,,6195895,true,2017-09-24 14:15:00,132410041,,,true,true,294112465
PIVX,PIVX,PIVX,,pivx,5.12,,-6.019986659103274,-15.86336384112872,-56.0312272207159,69.79557100931751,89.80314310648248,21878.15747528477,,950402,true,2016-02-13 21:20:00,56259680,,,true,true,287875098
NAS,NAS,Nebulas Token,,nebulas-token,8.21,,-5.390585395119719,-9.563149933368079,-12.501063948921315,,51.489120772994646,,,8742700,true,2017-08-23 04:35:00,34890547,,,true,true,286405668
KNCL,KNCL,Kyber Network Crystal Legacy,,kyber-crystal-legacy,2.08,,-4.081854887698697,-23.238219435658994,-38.46403329580945,87.8722830967048,,,,3664087,true,2017-10-27 16:00:00,134132696,,,true,true,278672852
GBYTE,GBYTE,Obyte,,byteball,430.42,,-5.043904969918507,-38.99883763436153,-39.33143568205565,63.804372311537925,18.59548482103808,725.9392399332517,,1265353,true,2016-12-27 21:00:00,626875,,,true,true,269821762
BTX,BTX,BitCore,,bitcore,23.21,,1.2636238346512394,-17.263945257316806,7.116434801990039,-20.596801209267205,911.8641754492722,,,1506471,true,2017-04-27 21:30:00,11290916,,,true,true,262019801
AION,AION,Aion,,aion,2.99,,-8.297122136616238,-1.3946305827696557,-35.77545984278823,175.8050428205827,,,,4548290,true,2017-10-18 16:40:00,87221268,,,true,true,261142947
RDD,RDD,ReddCoin,,reddcoin,0.009167933806451615,,-8.073082731797705,17.021145322731847,-16.7068712273053,689.6562929565671,777.9543387185518,31634.04211316269,,12252119,true,2014-02-10 01:05:00,28040042826,,,true,true,257069257
VGX,VGX,Voyager Token,,voyagertoken,3.45,,-3.209890292633559,-15.04334252577072,-40.339749112610136,120.62222073486252,261.07411669137923,,,1541911,true,2017-07-18 17:55:00,74406934,,,true,true,256944435
IOST,IOST,IOStoken,,iostoken,0.03840943565191737,,-6.716176888964147,-6.2984893537618785,8.062992501460082,,,,,37802112,true,2018-01-16 01:50:00,6665703706,,,true,true,256025918
GXC,GXC,GXChain,,gxchain,4.25,,-4.220333038679888,-12.885940800515128,-13.929496294466908,58.087646992223284,17.022204598628836,,,8833139,true,2017-06-25 00:35:02,59999999,,,true,true,255182471
FCT,FCT,Factom,,factom,28.5,,-5.05684420826802,-11.009617412781305,-37.23111194487891,29.951517773231135,-2.7202287974366657,866.1382055555757,,4689654,true,2015-10-06 01:40:00,8564977,,,true,true,244106102
POWR,POWR,Power Ledger,,power-ledger,0.6246862113941174,,-6.855042641545703,-22.022403615580213,-39.86028539957848,-21.581493672781292,,,,3783039,true,2017-11-01 17:15:00,369269207,,,true,true,230677382
LINK,LINK,ChainLink,,chainlink,0.6485653302064899,,-6.581434031573933,16.80864185098926,-18.415164762458033,272.75299561920434,,,,6259148,true,2017-09-20 21:00:00,344810658,,,true,true,223632238
CND,CND,Cindicator,,cindicator,0.15618587279999996,,0.13156941535897212,-14.286500173054472,-48.38324560300673,646.0135788469446,,,,9612243,true,2017-10-13 04:05:00,1405081983,,,true,true,219453956
FIRO,FIRO,Firo,,firo,56.37,,-10.487748324867741,-4.195166108797576,-20.443347954852616,63.628725688086995,399.9193922239848,3067.2714742635812,,2345897,true,2016-10-06 20:40:00,3844145,,,true,true,216691592
SALT,SALT,SALT,,salt,4.03,,-4.349598983523039,-11.210411932883034,-45.78279160827925,11.199600473580537,,,,3952668,true,2017-09-29 06:00:00,53000284,,,true,true,213378766
NXT,NXT,Nxt,,nxt,0.2146631815791044,,-6.772790563130476,-7.664407721236079,-37.88187459279092,81.87951173826539,93.5903888371868,2973.6890419274027,,5093880,true,2013-12-04 05:50:00,983326083,,,true,true,211083906
ENG,ENG,Enigma,,enigma-project,2.6,,-4.484429399992646,-18.317160041180628,-36.796653753885685,429.2210101356744,,,,6765860,true,2017-10-13 01:15:00,73275797,,,true,true,190406533
SMART,SMART,SmartCash,,smartcash,0.278433420413897,,-2.389337762791648,-9.532667414496629,-71.45758005213926,395.7452916377187,2854.9266222526835,,,178976,true,2017-07-21 02:00:00,667627338,,,true,true,185889763
EMC,EMC,Emercoin,,emercoin,4.36,,-4.2417341897323615,-1.8365924332005765,-30.060331021890097,464.03400144260684,224.21924260538688,2138.3339789174383,,1055064,true,2014-08-23 21:30:00,42584721,,,true,true,185570075
PART,PART,Particl,,particl,21.35,,-3.1605977534078664,-9.869628921957444,-15.347332634781132,155.84226861514372,154.69960655667606,,,109327,true,2017-07-20 23:50:00,8636127,,,true,true,184418669
NEBL,NEBL,Neblio,,neblio,14.46,,-8.467593528242503,-18.051228306100324,-32.08918180377059,379.61092438891677,,,,4277326,true,2017-09-12 13:55:00,12748422,,,true,true,184391471
REQ,REQ,Request Network,,request-network,0.28811382441642214,,1.7962118361476813,-14.808710649021537,-39.883988476398144,313.6878377946923,,,,6107906,true,2017-10-20 15:55:00,628999393,,,true,true,181223421
VTC,VTC,Vertcoin,,vertcoin,4,,-9.952025716346604,5.656452903412757,-8.178807398917776,-0.5736738827603883,309.6473578447092,9773.195871244216,,1850726,true,2014-01-20 05:35:00,44075991,,,true,true,176444113
BLOCK,BLOCK,Blocknet,,blocknet,34.36,,-5.394938180484483,-3.430880749801256,1.739946634727595,60.322018963708004,88.35329152954652,71247.07360415891,,158325,true,2014-11-01 21:25:00,4922292,,,true,true,169132439
IGNIS,IGNIS,Ignis,,ignis,0.21779871822848665,,-4.635053136004761,-9.420419859170496,-54.09434621341619,,,,,2292354,true,2017-12-13 18:10:00,762101795,,,true,true,165984794
QSP,QSP,Quantstamp,,quantstamp,0.26576552693510314,,-5.503382562840835,-12.64593530529074,-37.521792883223796,65.85053220251086,,,,3554503,true,2017-11-21 07:50:00,605394405,,,true,true,160892963
GAME,GAME,GameCredits,,gamecredits,2.57,,-6.0909742618169895,3.106419612908148,-27.539610298155065,29.402866167846785,8.683270703590235,1144.9655678944896,,513207,true,2014-09-01 17:00:00,62111306,,,true,true,159552662
RDN,RDN,Raiden Network,,raiden-network,3.22,,-7.078699961029781,9.436423912010996,-20.80812819421042,-21.226215537780693,,,,4759254,true,2017-11-08 19:10:00,49052431,,,true,true,157993086
AGIX,AGIX,SingularityNET,,singularitynet,0.33791433062951803,,-5.861922275290931,-16.276293025427936,-54.9102344777895,,,,,609223,true,2018-01-19 01:50:00,438118545,,,true,true,148046535
XDN,XDN,DigitalNote,,digitalnote,0.02123705296793003,,-8.567531613679169,-5.938394068603768,-25.33545812418193,832.4981364488154,836.2731523414963,18964.125295284033,,4720185,true,2014-06-24 13:05:00,6601704630,,,true,true,140200751
ENJ,ENJ,Enjin Coin,,enjin-coin,0.18692009509495555,,-7.941400459226678,10.38883908274179,-11.955813082242855,691.4003305889156,,,,3064294,true,2017-11-01 05:55:00,739290224,,,true,true,138188199
POE,POE,Po.et,,poet,0.0633402495571848,,-6.832114015783064,-20.581449793426067,-33.94187026047574,714.4724338835459,,,,7438525,true,2017-09-01 00:35:00,2178420185,,,true,true,137981678
STORJ,STORJ,Storj,,storj,0.9345274978463856,,-5.763566963778682,-12.830581143950756,-36.55460756731881,35.35539256296779,3.262818661494639,,,2935483,true,2017-07-02 01:00:00,137917212,,,true,true,128887428
SKY,SKY,Skycoin,,skycoin,17.66,,-9.497071263816418,-16.440754898253573,-41.57928768451129,220.52520233685948,407.9495246676566,,,87971,true,2017-04-17 18:05:00,7224877,,,true,true,127571367
NXS,NXS,Nexus,,nexus,2.06,,-1.765167578685485,-18.77895801666414,-61.255926499519056,27.16808663052417,36.20669273382609,2117.6191512478085,,965247,true,2015-01-25 19:00:00,61564979,,,true,true,127049860
SUB,SUB,Substratum,,substratum,0.5428540185847953,,-6.466024262481483,-25.015311520969103,-52.88748945368666,145.2281858585442,,,,2957904,true,2017-09-25 03:35:00,221027705,,,true,true,119985778
ACT,ACT,Achain,,achain,0.40838903293841633,,-8.404478984917576,0.8396840128223605,-3.2646971159025187,,,,,7624481,true,2017-08-27 19:50:00,289996717,,,true,true,118431479
STORM,STORM,Storm,,storm,0.028802903366666677,,-7.901802128898058,-30.691957772828736,-54.694939128039955,,,,,609257,true,2017-12-20 20:20:00,4088792590,,,true,true,117769098
MANA,MANA,Decentraland,,decentraland,0.11137278341242941,,-0.7185244055009097,-14.334056973684758,-16.65961648237285,597.5886596846783,,,,8936398,true,2017-09-17 00:45:00,1030386169,,,true,true,114756976
ZEN,ZEN,Horizen,,horizen,35.62,,-4.157647854349277,-15.06308521764149,-1.718123718727954,22.299720480228796,320.31392183134426,,,687275,true,2017-06-01 16:20:00,3204899,,,true,true,114142587
LEND,LEND,Aave [old],,aave,0.10272968737288135,,-6.931077681553843,3.7056715696971985,-43.185086943026256,,,,,5304472,true,2017-11-30 07:05:00,1047997632,,,true,true,107660469
NAV,NAV,NAV Coin,,nav-coin,1.7352418186775143,,-4.462527892062638,-13.277621485947655,-37.122608339988226,101.85582840076701,495.6223375056174,4507.546507156632,,1035571,true,2014-06-12 11:50:00,61090512,,,true,true,106006811
HPB,HPB,High Performance Blockchain,,high-performance-blockchain,4.84,,-4.104921268978101,-21.185291957404793,-21.062157474213965,,,,,3905800,true,2018-01-09 05:55:00,21795769,,,true,true,105390705
TEL,TEL,Telcoin,,telcoin,0.003787904655688625,,-8.175550677141821,-11.379913231318394,-46.084239358603554,,,,,795783,true,2018-01-15 00:25:00,26880817142,,,true,true,101821972
VEE,VEE,BLOCKv,,blockv,0.06893462262587415,,-11.553201778826782,-13.007350128276634,-43.70449234078468,,,,,2335327,true,2017-11-28 20:05:00,1450693456,,,true,true,100003006
MED,MED,Medibloc,,medibloc,0.03445473611490681,,-2.663090412340586,-14.498438599821881,-61.033766589746755,,,,,210629,true,2017-12-22 20:30:00,2891214865,,,true,true,99616045
ITC,ITC,IoT Chain,,iot-chain,2.48,,-1.4643192143210126,-9.07610799348043,-15.937260081077259,,,,,18280471,true,2017-12-10 04:30:00,38123228,,,true,true,94541254
UBQ,UBQ,Ubiq,,ubiq,2.41,,-7.705281335564249,-18.358170776845203,-44.197403797199534,83.86942759523434,27.5526619443818,6042.89773821104,,195221,true,2014-09-07 21:45:00,38885212,,,true,true,93752703
MDS,MDS,Medishares,,medishares,0.1958469607247704,,-10.653087032770049,-0.6695877241472881,14.554090907286293,,,,,4383673,true,2017-12-13 05:10:00,476895240,,,true,true,93398483
SPHTX,SPHTX,SophiaTX,,sophiatx,0.46988390789937123,,-10.595911840156568,-15.110915262778773,-53.982828928227946,,,,,157897,true,2017-12-26 03:40:00,194094267,,,true,true,91201773
UCASH,UCASH,U.CASH,,ucash,0.060622013986014016,,-15.015092043599292,16.622548494471946,,,,,,122734,true,2018-02-09 18:45:00,1486324706,,,true,true,90103997
BLZ,BLZ,Bluzelle,,bluzelle,0.5636248643717582,,3.1903495454719146,-10.685809474737045,,,,,,9052890,true,2018-02-06 11:05:00,159791210,,,true,true,90062300
DTA,DTA,DATA,,data,0.02138763964139941,,-1.7011446417379628,-2.238281985782247,3.8461817511273533,,,,,8129860,true,2018-01-22 23:30:00,4167961646,,,true,true,89142862
PHX,PHX,Red Pulse Phoenix,,red-pulse,0.16219677972027982,,-6.594255299351684,-29.39755793997671,-40.54363486174443,254.40939698404165,,,,5229324,true,2017-10-28 21:45:00,543348496,,,true,true,88129376
GVT,GVT,Genesis Vision,,genesis-vision,24.16,,-1.0882612956571183,32.54368388980704,32.95764993389449,778.8081955030431,,,,5238141,true,2017-11-15 20:10:00,3626578,,,true,true,87624768
VIBE,VIBE,VIBE,,vibe,0.43902066724381617,,-6.5527768526837,-2.584269708113424,-56.98333250034678,1051.5797643828075,,,,3255431,true,2017-09-25 03:20:00,196746439,,,true,true,86375753
PPP,PPP,PayPie,,paypie,1.2884531039583333,,-6.297209767189712,-14.481921543658075,-34.454587281302544,73.01270590302929,,,,130.9,true,2017-10-10 17:30:00,66928770,,,true,true,86234582
BIX,BIX,Bibox Token,,bibox-token,0.8367076108381513,,-4.890264264895429,-6.770713167077208,-29.4879279007859,,,,,33631006,true,2017-12-24 20:15:00,102960004,,,true,true,86147420
SRN,SRN,SIRIN LABS Token,,sirin-labs-token,0.8849810889096208,,-0.9670562186260855,-26.09405150964892,-74.04560974760571,,,,,20554967,true,2017-12-28 05:15:00,96655645,,,true,true,85538418
PPC,PPC,Peercoin,,peercoin,3.48,,-6.914804523723561,-7.910924586856185,-29.725263810944362,97.06513796097755,60.633557382538626,1013.7559140909932,,523089,true,2013-04-28 18:50:00,24093452,,,true,true,83896079
C20,C20,Crypto20,,c20,2.03,,-7.1282965538188785,-15.957246720350982,-40.5289739553255,,,,,4169612,true,2018-01-22 17:45:00,38768789,,,true,true,78670201
MTL,MTL,Metal,,metal,4.08,,-1.862711495437582,-1.165383233023271,-20.202416028054984,-10.624806567634039,-57.80921457610187,,,18273066,true,2017-07-09 18:05:00,19211330,,,true,true,78326823
PURA,PURA,Pura,,pura,0.4613547610969696,,0.4777343255411932,21.415717111734576,30.721058713585435,-29.352297989275755,-49.09387540259574,1903063.1283270177,,334256,true,2015-03-27 12:25:00,169387233,,,true,true,78147607
RCN,RCN,Ripio Credit Network,,ripio-credit-network,0.16183215779941004,,1.065555092628709,-14.134595453719392,-37.78876927285887,53.80207255418005,,,,5744564,true,2017-10-26 16:00:00,481100587,,,true,true,77857546
HTML,HTML,HTMLCOIN,,html-coin,0.0012084078308157102,,-12.502490913910593,-29.27145436777043,-56.14044774505622,,,,,2103690,true,2017-12-28 18:45:00,63804376919,,,true,true,77101709
THETA,THETA,Theta Token,,theta-token,0.13412236116923074,,-2.8711126619562117,-0.7351245484836816,-11.00002794308511,,,,,8343225,true,2018-01-17 17:40:00,571405178,,,true,true,76638212
DBC,DBC,DeepBrain Chain,,deepbrain-chain,0.08684181547619045,,-3.4386072340677183,-30.272130733861257,-39.95095204711359,,,,,1935248,true,2017-12-28 20:20:00,879758803,,,true,true,76399852
APPC,APPC,AppCoins,,appcoins,0.771320907877193,,-1.3325634105650042,5.791684251300224,-41.85873483773703,,,,,16934582,true,2018-01-08 15:50:00,98023215,,,true,true,75607356
PNT,PNT,pNetwork,,pnetwork,2.59,,-6.342659470763865,-4.68717055120382,-20.524598561092116,16.967379535040862,,,,3557575,true,2020-06-19 11:00:00,29119883,,,true,true,75306949
XBY,XBY,XTRABYTES,,xtrabytes,0.1746262433202417,,-7.904142305569589,-21.990855940282625,-40.31570432240612,825.3892286692352,659.3937896131729,,,211866,true,2017-04-20 21:30:00,428695467,,,true,true,74861479
EMC2,EMC2,Einsteinium,,einsteinium,0.3220877581287425,,-6.809126320405044,-21.56841323009506,-47.306108799025495,107.42092301536732,684.0013846535078,21733.481773018615,,399007,true,2014-04-09 04:15:00,229000381,,,true,true,73758219
AST,AST,AirSwap,,airswap,0.49537002208579883,,-10.314109153055323,-17.237352566905056,-47.16491480291045,132.64004007318752,,,,2421273,true,2017-10-17 17:00:00,147101104,,,true,true,72869477
CMT,CMT,CyberMiles,,cybermiles,0.1630744158704819,,-6.1072541730628425,-14.216961119102889,-36.65575737166262,,,,,785711,true,2016-06-26 19:45:00,440416944,,,true,true,71820736
JNT,JNT,Jibrel Network,,jibrel-network,0.4886761838678165,,-8.324088719449652,-17.821461691039836,,,,,,11969925,true,2018-02-05 21:15:00,146121086,,,true,true,71405895
FUEL,FUEL,Etherparty,,etherparty,0.14620187749705876,,-11.9921592202363,10.834939118735113,-26.547370527455623,146.5035918398417,,,,3088708,true,2017-10-30 18:10:00,478488163,,,true,true,69955868
OST,OST,Simple Token,,simple-token,0.2583901228746269,,-6.672432634126337,-18.758159363600818,-53.149084157144735,,,,,2476999,true,2017-12-19 19:20:00,268700049,,,true,true,69429439
PAC,PAC,PAC Global,,paccoin,2.6039314685314698e-05,,-8.12561421325556,-51.83414710338352,-70.3911924343586,4076.499570823475,32751.42206663141,264987.40294700104,,165323,true,2015-11-02 22:05:00,2569061254308,,,true,true,66896594
WABI,WABI,Tael,,wabi,1.4890129615815613,,-6.239278430695978,-17.11577526266384,-48.9998112878216,,,,,1620162,true,2017-12-12 17:20:00,44452639,,,true,true,66190557
XCP,XCP,Counterparty,,counterparty,25.34,,-7.818044294629992,-33.48719626793641,-58.83990241763355,58.99768557608505,26.19241425589275,653.0756525601871,,768947,true,2014-02-15 14:05:00,2582932,,,true,true,65452804
MNX,MNX,MinexCoin,,minexcoin,19.73,,-5.088327549707924,8.385934483872516,-20.3425501500962,70.53354049996851,,,,121181,true,2017-11-02 18:50:00,3271457,,,true,true,64552282
DATA,DATA,Streamr,,streamr-datacoin,0.09543061761434986,,-7.183762698804679,-7.828775016861391,-43.488068709077176,33.871654602323,,,,660920,true,2017-11-03 18:50:00,668851300,,,true,true,63828893
NGC,NGC,NAGA,,naga,0.986073973303951,,5.51403666555938,7.554565678915476,-41.938320412651905,,,,,562001,true,2017-12-23 22:05:00,64325799,,,true,true,63429996
ETP,ETP,Metaverse ETP,,metaverse,1.7261352336642337,,-8.251848748489628,-10.941875113988104,-28.836573104668062,-52.4008530881369,-42.73914896635541,,,1182106,true,2017-06-05 19:15:00,36724958,,,true,true,63392245
GTO,GTO,Gifto,,gifto,0.4106801973522724,,1.8993204811405615,7.469419842517258,-5.930606716713081,,,,,32819425,true,2017-12-18 17:05:00,151979211,,,true,true,62414852
NULS,NULS,Nuls,,nuls,2.63,,-3.4601646927880014,-11.469729866579415,-38.81498797725921,,,,,3053631,true,2017-12-10 14:00:00,23238216,,,true,true,61064401
VIA,VIA,Viacoin,,viacoin,2.68,,-7.496869375511678,-22.66442886790712,-26.118621215390537,79.03282008989963,130.43025076509505,7118.136324208656,,914457,true,2014-07-18 12:30:00,22671267,,,true,true,60817586
UTK,UTK,UTRUST,,utrust,0.2175811859119718,,2.3516245744880013,-19.51076765764887,-56.29371585842545,,,,,2308541,true,2017-12-29 19:50:00,275962517,,,true,true,60044252
BRD,BRD,Bread,,bread,0.8191733633550302,,-6.800301334875525,-11.418490654199125,-37.8078036984006,,,,,5337239,true,2017-12-24 20:15:00,72880955,,,true,true,59702138
TNC,TNC,Trinity Network Credit,,trinity-network-credit,0.17678952471590906,,-2.717014890615038,-18.6188023005069,-23.963922540552993,,,,,4211330,true,2018-01-22 17:45:00,328577154,,,true,true,58088999
AEON,AEON,Aeon,,aeon,3.75,,0.11462461197585735,9.974728067136072,-10.511437283273866,31.868885893885324,291.06915937001764,2482.8848846619753,,161401,true,2015-08-04 18:15:00,15366962,,,true,true,57597725
COB,COB,Cobinhood,,cobinhood,0.17712689743968854,,-10.652505398302779,-11.425038142749786,-61.27991139000968,57.82262419788724,,,,230640,true,2017-10-01 00:30:00,324247000,,,true,true,57432865
BURST,BURST,Burst,,burst,0.03262955490207714,,-7.539401127232067,2.0204683478121495,-28.038929590978988,402.5776356930851,378.1522098535387,2982.885436403013,,780835,true,2014-08-30 22:30:00,1756169070,,,true,true,57303015
WPR,WPR,WePower,,wepower,0.1593386126858006,,-1.2423393102437479,6.39200088579526,,,,,,11123387,true,2018-02-09 03:15:00,358555586,,,true,true,57131750
MGO,MGO,MobileGo,,mobilego,0.5762830804195803,,-5.4097683756141715,-25.354562381391005,-27.363494903762724,-0.16467302072443937,-38.57140761071038,,,199871,true,2017-06-11 16:40:00,98028876,,,true,true,56492383
TNT,TNT,Tierion,,tierion,0.13238444094444454,,-4.291813301073734,-16.593293192070764,-59.20653075667348,55.43459160348446,,,,3561305,true,2017-08-27 20:25:00,424581191,,,true,true,56207944
CDT,CDT,Blox,,blox,0.08474645235329345,,-10.30705503451812,-3.998041290571065,-32.203106749576484,119.98146240241294,-28.994685876485786,,,4500589,true,2017-08-17 00:10:00,637859661,,,true,true,54056343
BTO,BTO,Bottos,,bottos,0.15340467344285696,,-2.6341302675228233,2.0469214223370567,-34.555514312929105,,,,,889887,true,2018-01-14 17:35:00,347911606,,,true,true,53371266
NLG,NLG,Gulden,,gulden,0.13689945466867462,,-2.3616443129053297,-18.15182665475664,-47.5721118267523,58.70364632283631,30.689922658705797,516.4704855737749,,111491,true,2014-04-08 04:15:00,389659758,,,true,true,53344208
MTN,MTN,MedicalChain,,medical-chain,0.3206478602583586,,-0.16241398224415188,-3.6643886513708757,,,,,,6452877,true,2018-02-07 06:00:00,165952309,,,true,true,53212253
SPANK,SPANK,SpankChain,,spankchain,0.18019648202180696,,-9.099861179022763,-30.1826189398474,-58.694485129585026,412.25809895794424,,,,26782,true,2017-11-23 19:15:00,290159480,,,true,true,52285718
HVN,HVN,Hiveterminal Token,,hiveterminal-token,0.1284033089545455,,-6.056990934260521,-18.494398676948375,-32.0763360970241,353.3974543918866,,,,148447,true,2017-09-10 03:20:00,399999097,,,true,true,51361208
DPY,DPY,Delphy,,delphy,1.6901440350877193,,-6.903005482981558,9.085942756512852,-3.952148657598749,130.30391110087115,,,,2278791,true,2017-11-08 20:55:00,30338876,,,true,true,51277071
ECC,ECC,E-Currency Coin,,eccoin,0.0021048384740061142,,-5.182444184974211,0.9960539431355495,-26.620099728557555,874.725831921898,491.1792133552944,61638.29287137695,,42858,true,2014-03-20 05:15:00,24326465824,,,true,true,51203281
CLOAK,CLOAK,CloakCoin,,cloakcoin,11.13,,-9.81721412950934,19.326115406695386,-30.785725538544163,66.2652666294739,112.39585420267235,5574.039917730837,,392949,true,2014-06-07 00:15:00,4568764,,,true,true,50835326
IDH,IDH,indaHash,,indahash,0.12818660301829263,,-14.140277113185542,10.634475473661317,,,,,,571848,true,2018-01-25 00:05:00,394188431,,,true,true,50529676
ION,ION,Ionomy,,ion,2.53,,-0.6606974567924594,-12.967314091035156,-39.074649396954946,104.6170153584513,57.080355835263774,1578.315331756723,,406321,true,2016-06-08 22:20:00,19790818,,,true,true,50010271
LBC,LBC,LBRY Credits,,library-credit,0.3267592192921686,,-6.341005500635283,-13.249988346207939,-45.84165992274878,64.73831700782465,0.4909711629297158,1761.7926461056577,,543439,true,2016-07-07 05:30:00,148378934,,,true,true,48484185
BITB,BITB,Beat Cash,,bitbean,0.020053177279883386,,13.774837581501595,44.935850442322305,61.22030386569729,479.857214459528,671.5796351025448,28289.18173930374,,6420690,true,2015-02-18 13:25:00,2326645278,,,true,true,46656630
RISE,RISE,Rise,,rise,0.4108112666666666,,-11.91382975202377,-34.14471892949854,-47.348167268015,56.21897363465151,331.66759214573227,11851.581011307766,,1263.46,true,2016-06-30 05:00:00,113139198,,,true,true,46478858
CTK,CTK,CertiK,,certik,1.9507570322808243,,0,0,0,,,,,4202257,true,2018-01-01 09:55:00,22768902,,,true,true,44416596
COLX,COLX,ColossusCoinXT,,colossuscoinxt,0.003898859223241594,,-1.4574960625348707,24.039671130927097,-24.64619835067146,3040.3075417787236,,,,44358,true,2017-09-29 21:30:00,11354930339,,,true,true,44271275
QLC,QLC,QLINK,,qlink,0.19397363865861028,,-7.055575246689523,-24.95415098621364,-45.88264815169078,,,,,589525,true,2017-12-29 22:00:00,228015535,,,true,true,44229003
GRS,GRS,Groestlcoin,,groestlcoin,0.6027145578696967,,-5.813899671470598,-13.467075528950595,-37.04251452724647,12.973430852049663,426.61314389069406,13013.374945001524,,238035,true,2014-04-11 20:50:00,73196671,,,true,true,44116700
PRE,PRE,Presearch,,presearch,0.34891146546562496,,-2.667563587076742,0.18547438852511344,-36.895570488365145,,,,,146980,true,2017-08-28 12:10:00,125818874,,,true,true,43899648
SOC,SOC,All Sports,,all-sports,0.10188841830395139,,-8.13128654955723,-29.099090043350994,,,,,,2805857,true,2018-01-27 05:35:00,428231389,,,true,true,43631819
ATM,ATM,ATMChain,,attention-token-of-media,0.009703453422839506,,-6.606893681408475,-18.854446642154237,-54.512541899816746,-54.059483292630006,,,,21918,true,2017-10-04 01:20:00,4424028705,,,true,true,42928356
SLS,SLS,SaluS,,salus,42.74,,-10.346461040721016,-19.19703594086025,-32.995717321504536,189.14805158884752,158.58669293521933,10109.481335273615,,43330,true,2016-01-22 17:45:00,989254,,,true,true,42279543
INT,INT,Internet Node Token,,internet-node-token,0.28775081237272726,,-7.114630822445317,-25.510850105336193,-61.812098053542584,,,,,1954192,true,2018-01-16 00:10:00,146487670,,,true,true,42151946
CAPP,CAPP,Cappasity,,cappasity,0.12625522356156157,,-0.08521443628497925,-1.1374628757871392,-50.435842672693596,,,,,302539,true,2017-12-06 21:55:00,330208316,,,true,true,41690525
STK,STK,STK Token,,stack,0.12908425297583084,,-4.770248662241319,-27.925961202465587,,,,,,4482667,true,2018-02-02 03:20:00,319315940,,,true,true,41218660
DIME,DIME,Dimecoin,,dimecoin,9.197900946372232e-05,,-4.459982657585771,-0.27619552435708183,-12.443314549592573,807.521286108415,771.8831432856995,36785.35406039239,,85369,true,2014-01-06 07:50:00,445861670590,,,true,true,41009915
SBD,SBD,Steem Dollars,,steem-dollars,4.02,,-10.380151737893083,-24.179963039238647,-37.7384450327877,215.11250839280143,297.3049448687893,306.8029496991409,,382770,true,2016-07-19 17:05:00,10167000,,,true,true,40867256
FTC,FTC,Feathercoin,,feathercoin,0.2147401158222891,,-9.362760810276264,0.577470538736268,-24.25171268931672,-1.0799099691028613,266.5445914707179,3675.7133857928948,,66947,true,2013-05-03 03:30:00,188539225,,,true,true,40486935
DMD,DMD,Diamond,,diamond,14.97,,-1.036367120493974,2.252815786072844,-16.348608989882464,62.86280986242113,189.4363212751636,5203.239151217415,,98769,true,2013-12-19 12:35:00,2654429,,,true,true,39723738
NMC,NMC,Namecoin,,namecoin,2.67,,-7.065903096019306,-8.44991975669069,-27.524628764179553,65.62493512518817,28.790682206721296,905.8007061200749,,62935,true,2013-04-28 18:50:00,14690115,,,true,true,39262634
VIB,VIB,Viberate,,viberate,0.23831133501748242,,-3.794472660023106,-12.233988994777096,-23.23505517132122,61.345795601183184,,,,12165600,true,2017-10-06 17:30:00,162772339,,,true,true,38790494
BITCNY,BITCNY,bitCNY,,bitcny,0.17052915789473683,,3.317137168777493,3.9551895805393413,4.605132714737438,23.489809755983572,16.458842022350986,,,48981298,true,2017-08-12 00:09:05,225863740,,,true,true,38516354
TRAC,TRAC,OriginTrail,,origintrail,0.1509943851671827,,-4.574507774675437,-29.2016519647808,,,,,,211133,true,2018-01-25 03:45:00,254740256,,,true,true,38464348
POT,POT,PotCoin,,potcoin,0.17371763859759753,,-2.0537661988553673,3.260851660357205,-20.827790447321977,-9.885925944242766,33.652909623058065,829.0953674948081,,365638,true,2014-02-10 04:30:00,216188560,,,true,true,37555766
DAT,DAT,Datum,,datum,0.04505733467267268,,-1.4249714130762858,-17.533913952515125,-27.875400988863085,,,,,1910174,true,2017-12-15 20:20:00,826296474,,,true,true,37230717
SIB,SIB,SIBCoin,,sibcoin,2.27,,-6.012427384445747,3.5158517961035995,-17.281484330982728,60.25194470439216,95.79870840865685,1252.8942187337943,,111083,true,2015-09-25 22:25:00,16163452,,,true,true,36613618
DCT,DCT,DECENT,,decent,0.7402343189909363,,-8.056873018607922,-16.229609589058562,-49.13945556404464,1.6567642357714476,-38.92098957546513,297.3249967886205,,151890,true,2016-12-10 21:45:00,48825772,,,true,true,36142512
THC,THC,HempCoin,,hempcoin,0.15929581866964307,,-16.32218239423174,-25.898039614284563,-52.55178687383645,749.2141415900805,1261.2661099611566,32863.59312657961,,788133,true,2014-06-28 16:40:00,225759899,,,true,true,35962608
EVX,EVX,Everex,,everex,2.19,,-8.025372440656888,10.445590752111437,-40.24894980227277,50.175665929569035,,,,3216442,true,2017-10-10 16:25:00,16253205,,,true,true,35530064
ONION,ONION,DeepOnion,,deeponion,3.41,,-11.791460998389391,-30.5801746391175,-59.24825253378233,204.0535236570713,181.51853409912795,,,177705,true,2017-08-12 23:00:00,10376954,,,true,true,35435910
MTH,MTH,Monetha,,monetha,0.1653985952065868,,-10.511944985688315,-5.215279564828193,-31.939388623539273,158.02140184035176,,,,1062579,true,2017-09-06 05:45:00,212075471,,,true,true,35076985
BCPT,BCPT,BlockMason,,blockmason,0.7845399624224136,,8.142107724239809,49.33078140257963,-9.149418317886084,641.3371974214618,,,,12244318,true,2017-10-17 22:15:00,44233275,,,true,true,34702772
SHIFT,SHIFT,Shift,,shift,2.86,,-3.391472326263539,-18.42295989163899,-45.01761063263736,90.02818477694254,122.24918655838665,4842.945221434246,,135975,true,2015-09-05 13:55:00,11506193,,,true,true,32888683
BUX2,BUX,BUX Platform Token,,bux-platform-token,0.6480400089219216,,-8.760244577424821,100.38021617415237,,,,,,1661248,true,2018-01-25 01:00:00,50737917,,,true,true,32880201
OCN,OCN,Odyssey,,odyssey,0.016531040767371597,,-5.293149914850752,-22.52010329664077,,,,,,19415252,true,2018-01-25 00:05:00,1966085688,,,true,true,32501443
DLT,DLT,Agrello Delta,,agrello-delta,0.3839737987710141,,2.461126098332082,-7.762105091694926,-46.4606788224692,87.12116821336963,,,,5578178,true,2017-09-09 23:40:00,84339039,,,true,true,32383981
SWFTC,SWFTC,SwftCoin,,swftcoin,0.018433570629370625,,-3.7122129651586433,-12.624205554132049,-26.622198602607988,,,,,20742431,true,2018-01-09 05:55:00,1748459034,,,true,true,32230343
ZSC,ZSC,Zeusshield,,zeusshield,0.028120456965944274,,-2.652832234504143,-6.28610745220945,-16.138638829904966,-25.341294959840297,,,,659421,true,2017-10-13 19:55:00,1130502169,,,true,true,31790238
YOYOW,YOYOW,YOYOW,,yoyow,0.127450816931677,,-5.559566920129861,-19.362596211477182,-41.003488652791674,118.23097913630023,58.68019780959472,,,1349033,true,2017-08-19 18:05:00,241524194,,,true,true,30782456
IOC,IOC,I/O Coin,,iocoin,1.8887573217720361,,-7.456391128743718,-29.57156780106438,-61.694655579859614,-40.15401396343606,-6.144549348001353,383.16469755522206,,86551,true,2014-08-02 18:40:00,16210327,,,true,true,30617375
ZPT,ZPT,Zeepin,,zeepin,0.13532121242814368,,3.1003636786045643,-4.553803915031245,,,,,,1864775,true,2018-01-30 21:10:00,224755672,,,true,true,30414210
UNO,UNO,Unobtanium,,unobtanium,152.81,,-2.2209591609153034,-0.44601448825648443,20.466590929847385,143.66939169953682,122.66513043221457,9977.175751809138,,82167,true,2013-12-27 00:10:00,194427,,,true,true,29710209
KEY,KEY,Selfkey,,selfkey,0.01591595610271904,,-3.232134234620338,-16.230068586105347,-55.53695868346599,,,,,456467,true,2018-01-16 00:10:00,1854781836,,,true,true,29520626
CV,CV,carVertical,,carvertical,0.00529412067878788,,-7.374646109782504,-30.508910100109443,-66.24595827213746,,,,,340280,true,2018-01-22 23:30:00,5189423632,,,true,true,27473435
TAU,TAU,Lamden,,lamden,0.19397080259433963,,-4.771645779366095,-19.31334879990116,-58.491844857399634,,,,,275791,true,2018-01-08 20:10:00,141222581,,,true,true,27393057
PASC,PASC,Pascal Coin,,pascal-coin,1.5394612095382272,,-6.135416723321461,-4.524371477962,-38.231501134073866,146.083367210424,238.94585634144664,519.8277320246278,,156834,true,2016-12-07 02:25:00,17716593,,,true,true,27274009
NMR,NMR,Numeraire,,numeraire,21.57,,-9.240885776933089,-3.539801204394371,-19.85716550122463,65.53545448637357,-38.2402854960226,,,108585,true,2017-06-23 04:55:00,1261987,,,true,true,27215701
GAMEC,GTC,Game,,game,0.0946338048403614,,-5.670849896396205,-31.91070076476391,-21.563729082909735,,,,,926290,true,2018-01-03 07:10:00,286643004,,,true,true,27126118
RVR,RVR,RevolutionVR,,revolutionvr,0.12865553496503498,,-3.7858886410344175,-20.958091321889015,-57.54669025564,182.20468976642707,121.97599916637907,1256.5954311233947,,1084748,true,2016-04-04 22:25:00,209999999,,,true,true,27017662
GRID,GRID,Grid+,,grid,0.6817211363636367,,-7.022095626121148,,-56.73700492949237,-20.125014188565764,,,,29703,true,2017-11-01 18:55:00,39236490,,,true,true,26748345
LEO1,LEO,LEOcoin,,leocoin,0.2712407746404492,,-3.3752195334851915,-4.2934609493860325,-14.212850696310712,-6.351752881053713,-47.15843451932331,-52.35757571752991,,10331,true,2015-08-04 18:15:00,97222414,,,true,true,26370683
DADI,DADI,Edge,,dadi,0.39369485044171804,,-4.229192205726111,,,,,,,998048,true,2018-02-20 02:05:00,66300991,,,true,true,26102359
XSH,XSH,SHIELD,,shield-xsh,0.05592989720795105,,-8.397748774872703,2.2583158510275156,-43.89982873728789,2139.326759879446,,,,107839,true,2017-11-03 20:45:00,464854561,,,true,true,25999268
ART,ART,Maecenas,,maecenas,0.8978354038719506,,-12.980045148995398,-2.18821266089137,-20.171655945793027,109.74852443809668,,,,3367.6,true,2017-10-18 17:30:00,28863746,,,true,true,25914893
ARN,ARN,Aeron,,aeron,2.03,,-4.5894842771474895,13.830481264970329,-21.321966138680715,,,,,2652299,true,2017-11-07 23:10:00,12662740,,,true,true,25737040
MOT,MOT,Olympus Labs,,olympus-labs,0.6977405034965033,,-7.010195757743451,-14.529727653247557,-38.886725930876096,,,,,2023112,true,2018-01-01 19:30:00,36773100,,,true,true,25658082
GRC,GRC,GridCoin,,gridcoin,0.06704985849845202,,-8.225950585585622,0.656732786646389,-29.180510221156762,53.327222460127054,77.5601982244272,1005.3978044943138,,50304,true,2015-02-28 18:30:00,376854167,,,true,true,25268019
IPL,IPL,VouchForMe,insurepal,vouchforme,0.11944048840548777,,-6.206687719981354,-27.854572174375296,-60.384030794826636,,,,,38269,true,2018-01-19 01:50:00,210769904,,,true,true,25174460
UQC,UQC,Uquid Coin,,uquid-coin,2.56,,-5.598330953750243,15.797629086305248,36.56509030872315,,,,,87926,true,2017-12-13 05:10:00,9787150,,,true,true,25020811
BLK,BLK,BlackCoin,,blackcoin,0.33039090504229607,,-9.34206451479256,-12.704855550078884,-36.689084229140704,11.145971764518729,18.318156382021794,945.9330693689521,,130216,true,2014-02-28 05:20:00,74919843,,,true,true,24752835
IDEX,IDEX,IDEX,,idex,0.25687417427725856,,-10.062565650018596,7.007615241195564,-20.63347294166521,,,,,45598,true,2018-01-19 01:50:00,94840956,,,true,true,24362193
LA,LA,LATOKEN,,latoken,0.3207582879877677,,-6.984342021344039,-20.23499890002806,-43.01450991440401,73.36638151831868,,,,2259246,true,2017-10-25 18:00:00,75315114,,,true,true,24157947
MDA,MDA,Moeda Loyalty Points,,moeda-loyalty-points,1.253822206155689,,-4.847956524947639,-8.764268872522706,-34.9696901866337,-35.19283068930811,,,,2037970,true,2017-09-11 22:45:00,19261700,,,true,true,24150748
XEL,XEL,Elastic,,elastic,0.2695574787720363,,-1.9676098070862595,-11.839919523029428,-44.429938422985416,1.4857360064645715,-39.48024503002131,,,180282,true,2017-06-24 14:50:00,87802184,,,true,true,23667735
ATB,ATB,Atbcoin,,atbcoin,0.5310013010191694,,-1.8309546210825831,4.430868461012265,-0.3729800836343547,-17.707555461041014,,,,8858.24,true,2017-09-19 04:40:00,44269189,,,true,true,23506997
NLC2,NLC2,NoLimitCoin,,nolimitcoin,0.11734111610638297,,-12.13310155461488,-17.1225115471169,-33.32695044402363,-32.234347867847504,-66.6327680379329,27760.591374810945,,52014,true,2016-09-12 18:25:00,199373382,,,true,true,23394695
CAN,CAN,CanYaCoin,,canyacoin,0.6359061010175955,,33.80045567286643,-2.394893149206509,-58.50650921273232,,,,,1806812,true,2018-01-08 17:30:00,36486877,,,true,true,23202228
OTN,OTN,Open Trading Network,,open-trading-network,6.92,,-12.048451893850837,-6.657259824627876,-12.324238410203892,-60.802457475931284,,,,74909,true,2017-10-25 23:15:00,3350770,,,true,true,23195516
BDG,BDG,BitDegree,,bitdegree,0.0676536238585209,,-3.0865315524975663,-33.61544840354716,-70.23741610797653,,,,,141614,true,2018-01-12 19:20:00,338536187,,,true,true,22903200
RVT,RVT,Rivetz,,rivetz,0.8980946145061721,,-7.147195205726158,-33.75841027853087,-41.51443974488157,167.77629664962546,,,,12754,true,2017-09-25 21:20:00,25014548,,,true,true,22465431
EXP,EXP,Expanse,,expanse,2.79,,-8.260903129008005,-14.01136026940046,-43.18090140692693,48.633496597379306,-7.535282180770703,1139.5604295441092,,290545,true,2015-09-15 20:10:00,7926442,,,true,true,22119142
VRC,VRC,VeriCoin,,vericoin,0.7410084383333335,,-9.40831881273648,-20.00137202051627,-45.81923149558314,49.31333429556371,147.16877631237242,2414.529804788589,,181775,true,2014-05-16 12:20:00,29771667,,,true,true,22061057
OMNI,OMNI,Omni,,omni,39.72,,-13.614634831947736,-4.231676156889492,-23.275843103067658,56.80152408207463,12.804964586042237,1203.3360932865767,,307784,true,2013-12-24 23:45:00,549955,,,true,true,21844229
DRT,DRT,D-ReiT,,decentralized-reit,0.04409550333228838,,-11.697574206746925,-6.055484527217619,-31.22653325726212,20.352720039852816,,,,29775,true,2017-10-19 22:30:00,483050859,,,true,true,21300371
SNOV,SNOV,Snovio,,snovio,0.05327171313352266,,-6.647170786548781,-12.511077442225924,-48.6095928021768,,,,,854263,true,2017-12-08 23:20:00,392521926,,,true,true,20910315
HDG,HDG,Hedge,,hedge,4.57,,1.1510201165220884,10.22524872528813,-33.202816689941265,327.39321892878564,,,,110453,true,2017-10-22 22:35:00,4574586,,,true,true,20898954
QUN,QUN,QunQun,,qunqun,0.060758712711246186,,-10.892107756425021,-18.82738938262323,-28.87567299420455,,,,,6179652,true,2018-01-12 18:00:00,339465658,,,true,true,20625496
GOLOS,GOLOS,Golos,,golos,0.1624563368848486,,-9.92330850798391,-3.886585209829932,-32.33554649768785,42.54182516237118,-6.022607189964643,367.34732079763774,,65429,true,2016-12-13 00:15:00,123314705,,,true,true,20033255
PHR,PHR,Phore,,phore,3.02,,-4.9536687172310865,-10.457530855792884,-25.49920867616012,,,,,72719,true,2017-11-07 23:10:00,6543636,,,true,true,19788416
VAL3,VAL,Validity,,validity,5.79,,-6.582550674890875,-8.613812432013173,-37.67761206237072,54.00790880106538,4.097064665700236,1300.2975599470624,,124632,true,2016-01-18 08:10:00,3374068,,,true,true,19549429
NYC,NYC,NewYorkCoin,,newyorkcoin,0.0001469400279720281,,1.7116049645899447,-1.751179854876003,-31.748581360102268,398.99841282540046,4168.978769055039,224378.71873511563,,18757,true,2014-05-06 12:25:00,131024070501,,,true,true,19252681
NEU,NEU,NeuFund,,neumark,0.6621061367000003,,-3.2121570977851843,-29.300015499945413,-56.23792495768121,,,,,183456,true,2017-12-29 22:00:00,29046803,,,true,true,19232067
ENRG,ENRG,Energycoin,,energycoin,0.16093256558156022,,-1.0720255179660443,-0.8272659408995359,-12.770916410163984,64.8041125265126,62.926241774932755,3350.258612780575,,146500,true,2014-05-15 12:50:00,119161913,,,true,true,19177032
MYB,MYB,MyBit,,mybit-token,7,,-3.7390943443891502,-16.883439051377735,-13.322302626955567,,105.71248800881725,,,572149,true,2017-08-19 19:40:00,2708319,,,true,true,18955032
OAX,OAX,OAX,,openanx,0.7690707577820902,,-4.500262776885264,-12.194015226805009,-31.05556108577497,112.83561448448918,-28.117124165668038,,,880562,true,2017-08-14 00:10:00,24549701,,,true,true,18880458
HOT,HOT,Hydro Protocol,,hydro-protocol,0.0866945518424243,,-5.547572711273618,-29.203378152216075,-29.444066594052604,,,,,161740,true,2018-01-20 00:35:00,214825618,,,true,true,18624211
RBY,RBY,Rubycoin,,rubycoin,0.749510753183229,,-7.348656195209201,-19.263512030817402,-34.88688887669709,-4.562495189392989,26.47804292308094,216.02649427056457,,3904.38,true,2014-03-20 05:15:00,24835857,,,true,true,18614742
XMY,XMY,Myriad,,myriad,0.011994752060422966,,-4.485706860905217,-6.003481439265401,-43.99022184010309,236.85205190319402,400.90629515239476,4967.844190500008,,92768,true,2014-03-08 16:00:00,1521436583,,,true,true,18249255
OK,OK,OKCash,,okcash,0.2502468099518073,,-8.129696632007954,-13.904233939006987,-41.97556461890758,-43.93385956542657,178.88134349510221,2687.256195530258,,429325,true,2014-12-14 03:35:00,72303468,,,true,true,18093712
SLR,SLR,SolarCoin,,solarcoin,0.45558488884451254,,-7.0777979665385695,-7.657054231117351,-52.6066387748434,13.817715981717587,149.84121929929478,354.18836685535234,,40295,true,2014-03-29 15:40:00,39087719,,,true,true,17807774
UNIT,UNIT,Universal Currency,,universal-currency,1.3637004561403505,,-6.485518978665475,-23.025002404393035,0.39286214672280273,3845.492235126291,29582.788336142956,70164.79360459466,,45059,true,2015-05-07 03:09:26,13049628,,,true,true,17795784
DAI,DAI,Multi-Collateral Dai,,dai,1.0159716975275357,,-0.5486469017586558,1.1339888552734356,0.5999858130726172,,,,,3269226,true,2017-12-27 01:40:00,17508639,,,true,true,17788282
PRA,PRA,ProChain,,prochain,0.35247213986013987,,-2.350208729090832,-11.180841866451596,-25.332084605584352,,,,,1152385,true,2017-12-13 05:20:00,49506088,,,true,true,17449517
DBET,DBET,DecentBet,,decent-bet,0.16346615749544086,,-6.666689385137984,-4.742763822024303,-40.90085435757976,-1.8863219787969436,,,,32671,true,2017-11-13 22:25:00,105095231,,,true,true,17179514
COV,COV,Covesting,,covesting,0.9804714440559437,,5.984019717608788,-12.818874910067734,-64.53453549502089,,,,,163808,true,2018-01-23 06:35:00,17499999,,,true,true,17158250
MUE,MUE,MonetaryUnit,,monetaryunit,0.13656186727659572,,-4.342881311479962,-19.20395811221828,-43.786138882794305,-5.291183227207343,-13.504667513283374,9905.282695614118,,66371,true,2014-11-01 21:05:00,122043833,,,true,true,16666534
KICK,KICK,KickToken,,kicktoken,0.051548131145613366,,-5.899010443556362,-18.18239675843861,-34.270852762547285,74.22503042893968,,,,254092,true,2017-10-04 16:55:00,321137781,,,true,true,16554053
BSD,BSD,BitSend,,bitsend,0.9456002522454546,,-5.209088291640185,-11.062441617872976,-24.887444240017214,2.580324857114155,133.81511919919873,13736.319346334878,,217439,true,2014-06-08 14:25:00,17478359,,,true,true,16527541
AXPR,AXPR,aXpire,,axpire,0.06331381153846151,,-2.205197851994177,9.812470991449308,,,,,,221043,true,2018-01-25 03:45:00,256338110,,,true,true,16229743
CLAM,CLAM,Clams,,clams,5.71,,-7.604709568109222,-14.302516197431615,-26.08701105980835,-10.726973448289058,-25.396211123831048,505.22424758815924,,88150,true,2014-08-26 02:40:00,2827788,,,true,true,16142529
DNA,DNA,EncrypGen,,encrypgen,0.25984146272205455,,-16.306614197266633,-22.104294810880127,-60.509846894947174,282.5912860696944,,,,253725,true,2017-11-20 20:45:00,61616247,,,true,true,16010456
LMC,LMC,LoMoCoin,,lomocoin,0.07186321539209722,,-7.54738219667892,-8.915181558361049,-29.65590566516526,47.06363677977252,28.708238663932235,375.04711215514203,,65930,true,2016-09-09 03:15:00,221728576,,,true,true,15934128
PARETO,PARETO,PARETO,,pareto-network,0.07773996172590364,,-1.0083672064792972,17.773910441832193,,,,,,309567,true,2018-02-02 03:20:00,204582356,,,true,true,15904225
AUR,AUR,Auroracoin,,auroracoin,1.8664081973951363,,20.632115407396405,-5.1078286970540745,54.003974200496515,162.50294220402895,170.61932327501347,1419.550298673561,,39966,true,2014-02-27 05:40:00,8507139,,,true,true,15877794
HBT,HBT,Hubii Network,,hubii-network,1.191370683869159,,6.916711468110657,,38.90277526616467,815.1517399773295,,,,1390.29,true,2017-10-09 03:00:00,12856569,,,true,true,15316940
CXO,CXO,CargoX,,cargox,0.11994370013395642,,0.46276703833568494,-8.3502304855808,,,,,,149475,true,2018-01-31 17:15:00,126209976,,,true,true,15138092
ICOS,ICOS,ICOS,,icos,26.46,,-2.32415724239853,-14.333707840081654,-32.21772347338576,-45.21398027641545,,,,225535,true,2017-10-23 18:40:00,566549,,,true,true,14990942
SYNX,SYNX,Syndicate,,syndicate,0.7993617679881789,,-5.099559359070891,-3.9170601203016755,-7.9900232268457465,151.11597242975606,354.98411820617923,6066.870849649072,,244040,true,2016-07-11 19:20:00,18712165,,,true,true,14957790
HKN,HKN,Hacken,,hacken,3.9,,-4.180695646166001,-17.868008464058313,-3.372431936423231,,,,,88657,true,2018-01-11 06:40:00,3774923,,,true,true,14736287
NEOS,NEOS,NeosCoin,,neoscoin,3.91,,-9.50446404069418,-11.480789918738859,-46.6346035336098,20.861764248650676,-1.3558533488709996,1251.13185037638,,73170,true,2014-08-26 02:40:00,3644170,,,true,true,14265830
DBIX,DBIX,DubaiCoin,,dubaicoin-dbix,7.03,,-7.19108675810968,-2.7441048669652055,-45.133354729445166,-17.163424506589248,-3.484185738675031,,,127028,true,2017-04-06 04:20:00,2024341,,,true,true,14234000
RNT,RNT,OneRoot Network,,oneroot-network,0.07679895754878047,,-5.025786562291993,-14.904417125824754,-19.575608360208683,,,,,252370,true,2018-01-16 00:10:00,184495280,,,true,true,14169045
XPM,XPM,Primecoin,,primecoin,0.6386973395457319,,-9.784752906572239,-22.61838729614713,-35.604144503270824,274.7051581814972,49.17711791306392,1343.4601886915996,,44621,true,2013-07-11 03:25:00,22118138,,,true,true,14126796
MEE,MEE,CoinMeet,,coinmeet,0.07447645886018235,,-6.633699271119228,-26.481296386180382,,,,,,1296447,true,2018-01-25 21:55:00,189618785,,,true,true,14122136
BNTY,BNTY,Bounty0x,,bounty0x,0.11373708320987648,,-6.793166012059222,-41.81178865313147,-60.44408333139679,,,,,180278,true,2017-12-26 19:55:00,123935654,,,true,true,14096080
FLO,FLO,FLO,,florincoin,0.10114152591616775,,-5.368397764506798,-10.74227502437117,-40.24944227168445,33.52846477966481,37.424974212784306,2223.8509552592013,,30590,true,2013-11-27 06:05:00,139227247,,,true,true,14081656
NTRN,NTRN,Neutron,,neutron,0.07589847815337425,,1.6991155133916833,36.72802995019847,-91.38753601522134,-46.64148484516867,-10.490973894897596,8201.769456498923,,445.87,true,2015-04-21 12:20:00,182799620,,,true,true,13874213
SXC,SXC,Sexcoin,,sexcoin,0.03914427191044775,,160.96163876189246,0.05392680865029468,-39.87554621694673,-6.9748902712421925,273.2953852061531,7201.205205577699,,14784,true,2013-12-09 01:20:00,353699764,,,true,true,13845320
PKT,PKT,Playkey,,playkey,0.9712593022279641,,-8.649682642060693,-26.755230288008946,-51.26104354850376,,,,,13233,true,2017-12-02 17:35:00,14007517,,,true,true,13604931
LOC,LOC,LockTrip,,lockchain,1.453332902097903,,4.027477858323445,-5.991341029966065,-33.12091529842006,,,,,22281,true,2017-12-18 01:40:00,9281909,,,true,true,13489705
LINDA,LINDA,Linda,,linda,0.0016412321969230764,,-8.071054415395656,-19.515231589901113,-62.07459335957019,1896.387217969497,1083.98016936374,,,88305,true,2017-07-15 21:30:00,8194693245,,,true,true,13449394
MYST,MYST,Mysterium,,mysterium,0.6988918667220545,,-5.858830553825243,-7.570688093724078,-28.60191389092268,27.626507491064846,-48.963068868438455,,,193322,true,2017-06-14 14:05:00,19090200,,,true,true,13341986
TOA,TOA,ToaCoin,,toacoin,0.007569426128048786,,-10.189402312966354,-2.3251056431502874,19.05500718038226,-25.3611995430431,33.628562750105196,,,26853,true,2017-07-24 19:15:00,1755823166,,,true,true,13290574
LUX,LUX,LUXCoin,,luxcoin,11.87,,-7.949933057669632,-13.622623511043033,-61.75084713328065,1055.8990603991595,,,,140085,true,2017-10-27 19:55:00,1103036,,,true,true,13088718
ZLA,ZLA,Zilla,,zilla,0.35459202120923067,,-0.8121448477010912,-8.943053524613049,,,,,,1566391,true,2018-02-04 10:45:00,36622248,,,true,true,12985957
GCR,GCR,Global Currency Reserve,,global-currency-reserve,0.12650293951070332,,-1.201509498749995,0.43415797612394647,-30.460412468291565,114.7707645125885,156.00538747756988,541.4801651544342,,54920,true,2015-08-26 18:25:00,101722191,,,true,true,12868156
POLL,POLL,ClearPoll,,clearpoll,1.8864156503072291,,9.575930642498278,-22.76581372257066,-44.46236154504744,249.13561846799755,,,,178074,true,2017-10-25 17:25:00,6809009,,,true,true,12844622
BLUE,BLUE,Ethereum Blue,,ethereum-blue,0.36030147114506184,,-4.92741754034536,-11.585771249459695,-47.66136750350989,826.1078328480405,,,,12647,true,2017-10-22 00:10:00,35548790,,,true,true,12808282
TAO,TAO,Tao,,tao,0.3955131775,,9.3506978022497,2.410523384779801,19.713260231799367,215.56621460293886,800.2019908253993,7955.538701293883,,2870.23,true,2016-09-17 23:00:00,32123382,,,true,true,12705221
HORSE,HORSE,Ethorse,,ethorse,0.1279632159658386,,-10.930502575540316,-20.813627090207884,-30.826611997744894,,,,,98320,true,2018-01-17 00:10:00,98527166,,,true,true,12607853
XUC,XUC,Exchange Union,,exchange-union,6.44,,-1.1848400388850644,-12.447702749264284,-22.479427632394366,-9.560975245629326,,,,736575,true,2017-10-25 18:40:00,1934898,,,true,true,12455415
NIO,NIO,Autonio,,autonio,0.19255952652090044,,-4.873542705781789,6.675889782408804,-30.55391628090913,111.59521204591346,,,,31481,true,2017-11-06 20:00:00,64506340,,,true,true,12421310
MUSIC,MUSIC,Musicoin,,musicoin,0.02011744818918918,,-3.4647317537660776,-8.787371988886727,-46.19203387037313,54.58037693294992,-10.891016118765707,,,189531,true,2017-03-18 11:40:00,616924667,,,true,true,12410950
SPF,SPF,SportyCo,,sportyco,0.2479850056028879,,-5.340544622764141,-18.241156710707568,-41.15223484807324,,,,,1483431,true,2017-12-13 05:15:00,50040732,,,true,true,12409351
VIU,VIU,Viuly,,viuly,0.020334273314685333,,-3.904428270212261,-21.876757401625564,-52.30285161338699,438.4693826840733,,,,1800488,true,2017-11-19 18:10:00,609728910,,,true,true,12398394
LOCI,LOCI,LOCIcoin,,locicoin,0.33782865716961125,,-0.1319108774387638,-37.47250862929034,,,,,,55995,true,2018-02-10 20:00:00,35842969,,,true,true,12108782
AVT,AVT,Aventus,,aventus,2.04,,-10.837331814426141,-13.90996896797087,-40.47239821282885,-21.579773198848226,,,,757321,true,2017-09-06 16:45:00,5945497,,,true,true,12105836
ELIX,ELIX,Elixir,,elixir,0.38283434372183095,,-5.916501633712608,-19.638410135725675,-43.8189158823595,560.4111101179806,,,,72027,true,2017-09-23 01:30:00,30486363,,,true,true,11671227
IOP,IOP,Internet of People,,internet-of-people,3.41,,-9.803704937246367,6.611354021526374,-33.30403839032292,48.298160312066656,360.4595440420893,-60.698874366831326,,588314,true,2016-11-29 11:30:00,3277768,,,true,true,11188813
DYN,DYN,Dynamic,,dynamic,2.36,,-5.0305844511009585,-14.661011751523457,-37.14627401029914,-31.062829034616733,1.203814533477219,,,41219,true,2017-03-26 17:00:00,4726594,,,true,true,11139271
EVR,EVR,Everus,,everus,0.31737675162006107,,-7.747336330401848,-26.592785883064167,-12.924014132411592,-92.15093026675562,,,,104360,true,2017-10-19 04:20:00,34723692,,,true,true,11020493
HGT,HGT,HelloGold,,hellogold,0.05287866599686521,,-17.802534185872815,-40.12653321437156,-70.42222923105797,517.9448958355265,,,,151810,true,2017-10-12 18:20:00,207894771,,,true,true,10993198
L2,L2,Leverj Gluon,,leverj-gluon,0.09477176875757573,,-9.124539461314244,-3.2750772339911,-44.61623732790071,,,,,42506,true,2018-01-12 20:25:00,114832005,,,true,true,10882832
PINK,PINK,PinkCoin,,pinkcoin,0.02837338532522796,,-5.50097928407857,-12.01763296219262,-39.099253813925806,31.877539203516392,119.7679496426725,4145.227904831791,,60382,true,2014-05-11 17:15:00,374627500,,,true,true,10629450
BTCZ,BTCZ,BitcoinZ,,bitcoinz,0.009179464740061163,,-7.8616152219420545,0.6289283874418736,-22.52776987395637,226.87378120415812,,,,70786,true,2017-10-12 18:10:00,1153289523,,,true,true,10586581
ING,ING,Iungo,,iungo,0.27003101826524417,,-7.312515961294973,-7.593830670305662,,,,,,56405,true,2018-02-04 23:20:00,39174044,,,true,true,10578207
SPHR,SPHR,Sphere,,sphere,3.42,,-4.956477095022936,-11.098750994554461,-43.377304432648394,6.922897952355182,28.961683669841186,15331.518672716558,,31090,true,2015-05-02 15:55:00,3050735,,,true,true,10435219
XST,XST,Stealthcoin,,stealthcoin,0.3758737255030487,,-5.298152882588503,-7.11714437951263,-41.3881351470785,41.693350182338754,130.82858973317656,6695.839764844893,,16516,true,2014-07-10 12:25:00,27591292,,,true,true,10370842
CURE,CURE,Curecoin,,curecoin,0.4414171068993903,,-7.166591007862376,-11.784883864344678,-37.1499263356164,62.634852591128386,54.37685511731095,830.1835158957083,,41653,true,2014-05-26 18:15:00,23256865,,,true,true,10265978
XLR,XLR,Solaris,,solaris,9.89,,4.940513162877204,-28.383690588948745,-52.47856623104489,801.2446456362177,3384.940632766456,,,166322,true,2017-04-01 21:55:00,1023872,,,true,true,10128758
USNBT,USNBT,NuBits,,nubits,1.000237494889679,,-0.1676572543606889,-0.4681540024877932,0.29933278863063767,-0.7300897881957945,-19.337912279838438,1.0296168417161835,,14536762,true,2014-09-24 01:40:00,10072913,,,true,true,10075306
ABY,ABY,ArtByte,,applebyte,0.01289397997879858,,-6.727115350497746,-7.017469835867403,-43.87754065822735,100.01861757156658,66.86094114506496,5791.885486811,,25453,true,2014-06-12 11:50:00,776478132,,,true,true,10011893
SWM,SWM,Swarm,,swarm,0.5879383412406244,,-27.47447887338364,-44.90596889258917,,,,,,12302,true,2018-01-29 00:20:00,16983472,,,true,true,9985234
XLQ,XLQ,ALQO,,alqo,0.8157516734403675,,-14.850358738713556,-16.751382428738548,-62.09355363550636,979.6605385253788,,,,162114,true,2017-11-20 19:05:00,12220591,,,true,true,9968968
SEQ,SEQ,Sequence,,sequence,0.22404679660790278,,-9.44382130331779,-10.466871394827685,-54.81041544448713,56.39011521930563,41.80329604938209,3543.533778694794,,90805,true,2016-09-24 22:00:00,44477385,,,true,true,9965016
AIT,AIT,AICHAIN,,aichain,0.052072630734756105,,-11.738828737156277,-22.071668635294696,-54.14041922475272,,,,,55332,true,2018-01-16 06:30:00,189573477,,,true,true,9871590
ERO,ERO,Eroscoin,,eroscoin,0.0523648808165137,,-5.325601402467254,4.027082136101097,-23.896505198374342,,,,,154561,true,2017-12-06 21:55:00,185271020,,,true,true,9701695
CVCOIN,CVN,CVCoin,,cvcoin,0.9801282657342649,,1.9256926149452867,-18.626847316715644,-53.02047494354055,17.188988522760354,36.631148716504256,,,8615.01,true,2017-08-14 00:09:22,9837032,,,true,true,9641554
PIRL,PIRL,Pirl,,pirl,0.9037768666432928,,-5.961336574617355,-17.705269189821088,-56.15137689170645,141.97604438908488,,,,35152,true,2017-10-27 19:15:00,10667396,,,true,true,9640946
NVC,NVC,Novacoin,,novacoin,5.03,,-4.656992435691927,3.0897863473083436,-10.073317767725861,-9.3689680917313,109.90864462208702,790.5020410967734,,9128.64,true,2013-04-28 18:50:00,1908182,,,true,true,9603156
AID,AID,AidCoin,,aidcoin,0.28276704859677393,,-9.878206472249566,-11.906831906832267,,,,,,379700,true,2018-01-25 00:05:00,33876362,,,true,true,9579119
FLIXX,FLIXX,Flixxo,,flixxo,0.12818329770426823,,-11.775016298454641,-21.981966844501372,-48.5721810311894,,,,,25854,true,2017-11-26 01:05:00,73116006,,,true,true,9372251
ARY,ARY,Block Array,,block-array,0.13748576583383684,,4.419391174650402,-10.42565920075344,,,,,,132502,true,2018-01-25 00:05:00,66406679,,,true,true,9129973
GET,GET,GET Protocol,,get-protocol,0.9790551482866672,,-3.271044943781525,-23.13558094261032,-69.01365309206815,,,,,26179,true,2018-01-11 06:40:00,9058846,,,true,true,8869111
XMCC,XMCC,MonacoCoin,,monacocoin,2.87,,-3.708142667408324,-6.1680043793441515,-57.12440515688275,806.348775020562,,,,26849,true,2017-08-27 20:10:00,3062079,,,true,true,8795306
REC,REC,Regalcoin,,regalcoin,0.6584042307321424,,-2.2125387373694103,122.29543258938023,-43.09429200393173,-98.50651555150992,,,,166090,true,2017-10-19 02:40:00,12920111,,,true,true,8506656
MEME,MEME,Memetic,,memetic,0.3877691413114486,,-3.178438766304242,-19.74781736318729,-48.51100020652653,64.49678072832398,143.30794076438917,19206.999350160295,,1372113,true,2016-03-14 07:40:00,21651287,,,true,true,8395701
GAT,GAT,Gatcoin,,gatcoin,0.014874116146718146,,-33.729556008876784,-31.346310080041214,-85.70901629873028,,,,,11792,true,2018-01-20 00:35:00,561458528,,,true,true,8351199
BON,BON,Bonpay,,bonpay,0.7498430269574469,,-2.6974143343411505,61.033784463797716,-28.51598394532339,,,,,32336,true,2017-12-07 04:50:00,11071140,,,true,true,8301617
DOPE,DOPE,DopeCoin,,dopecoin,0.07209253850354613,,-8.047153711783785,-18.720170047517477,-34.06049905104079,220.94987932921967,134.70383495960405,8352.381704938965,,34396,true,2014-02-22 18:00:00,114470244,,,true,true,8252450
SUMO,SUMO,Sumokoin,,sumokoin,2.97,,1.014218320099908,-10.210134512395454,-53.451206852919,506.4146949582775,1261.844187217092,,,39130,true,2017-05-30 20:50:00,2768344,,,true,true,8209633
TIE,TIE,TIES Network,,ties-network,0.20769077390461527,,-14.296689655501837,-12.57262123264001,-12.365947074215617,174.21190261528722,,,,63108,true,2017-11-09 23:10:00,38854783,,,true,true,8069780
PIX,PIX,Lampix,,lampix,0.06102557865454546,,-5.2143521038888725,-22.822125666237635,-50.22614461458888,-24.782513352521764,,,,40136,true,2017-09-25 18:05:00,131665447,,,true,true,8034960
ERC,ERC,EuropeCoin,,europecoin,0.8064454329388385,,-7.458631394020659,-7.983487434166749,7.36041371389029,70.03946459696671,31.276988019899736,2321.540280155472,,25486,true,2015-06-18 16:05:00,9803945,,,true,true,7906347
XBC,XBC,Bitcoin Plus,,bitcoin-plus,74.06,,-9.93003785698151,2.361866694776825,-26.567458733502313,-5.736407637580713,1.987867917837081,1862.0679362127462,,16347,true,2014-05-04 01:35:00,106059,,,true,true,7854835
HYP,HYP,HyperStake,,hyperstake,0.006980782151943466,,-12.731962481889447,-13.881542542962128,-34.189875429492396,424.6172549666874,500.18868842185407,20734.82141497792,,4191.28,true,2014-08-09 18:00:00,1120616918,,,true,true,7822783
BWK,BWK,Bulwark,,bulwark,2.79,,-10.287088999178378,-36.67933208140917,-55.916810343487334,,,,,148746,true,2017-12-08 23:20:00,2793529,,,true,true,7806396
ADB,ADB,adbank,,adbank,0.020968725236363613,,6.203266842107583,-19.172452659175644,,,,,,50265,true,2018-02-03 19:10:00,370191821,,,true,true,7762451
GLD,GLC,GoldCoin,,goldcoin,0.18749569419663462,,-6.275791364672944,-1.220070351692112,-28.3332209059189,18.26164555319662,69.25387989644594,1344.4752832830395,,42683,true,2013-06-14 06:50:00,40846183,,,true,true,7658484
AIX,AIX,Aigang,,aigang,0.4112660439964663,,-1.345433481726478,-35.60359083596665,-62.32850621723832,,,,,48514,true,2018-01-11 16:40:00,17985859,,,true,true,7396973
EVE,EVE,Devery,,devery,0.11500880307453416,,-9.29771601991063,-16.644873003179175,,,,,,16835,true,2018-01-25 00:05:00,60685051,,,true,true,6979315
UFO,UFO,UFO Coin,,ufo-coin,0.001997594010638298,,-8.16370958919503,-12.720212787325593,-35.61215638308199,1083.0683339409277,1637.5120989027864,17866.39562562296,,2649.21,true,2014-02-27 05:40:00,3418494705,,,true,true,6828765
BELA,BELA,Bela,,belacoin,0.1731576750443787,,14.041038066246259,11.478357136141708,-33.58284249061932,80.49304105701657,16.084381686656542,427.80462455645943,,204433,true,2014-03-20 05:15:00,38858779,,,true,true,6728696
TFL,TFL,TrueFlip,,trueflip,1.099303027838414,,-3.053763426161938,2.7795233876940535,-30.644613345259682,43.54609564058439,-14.872456737935568,,,182360,true,2017-08-23 02:15:00,6114809,,,true,true,6722028
REX,REX,Imbrex,,imbrex,0.7742415000000032,,3.7415016119144524,-22.80038507999477,-28.328458751035818,449.36459619396885,,,,762.94,true,2017-10-29 00:00:00,8660755,,,true,true,6705517
SNRG,SNRG,Synergy,,synergy,1.9869911142375882,,-6.556136514188458,-11.404507490901041,-37.465680985322095,28.743796994021103,20.976814846743334,2480.790824391722,,36366,true,2015-06-08 04:50:00,3368426,,,true,true,6693033
D,D,Denarius,,denarius-dnr,2.85,,-6.136739179098219,0.1768514647712682,38.5492311050714,893.6299464303843,470.01851546562455,,,51387,true,2017-07-02 00:35:00,2303535,,,true,true,6568703
TX,TX,TransferCoin,,transfercoin,1.0049289659857663,,-5.139846948454343,-10.60106371553401,-49.340435791868664,-41.699709451175146,151.00996258738428,8923.29891512107,,62210,true,2015-08-21 02:15:00,6238162,,,true,true,6268910
HWC,HWC,HollyWoodCoin,,hollywoodcoin,6.68,,-8.575446284060204,-0.4282679644618482,-23.546326102166066,,,,,179557,true,2017-12-14 01:05:00,932009,,,true,true,6230238
VRM,VRM,VeriumReserve,,veriumreserve,4.21,,-11.783578705014508,-19.172651708615504,-46.77468750945929,92.7876384734956,87.12916787746184,5333.820225619649,,82945,true,2016-09-17 23:00:00,1462275,,,true,true,6154694
KORE,KORE,KoreCoin,,korecoin,3.15,,-5.9781193756852495,-12.096874385534496,-38.98231009562023,-14.090761150409714,72.09355495279239,5816.767755686203,,39279,true,2014-06-21 13:30:00,1948418,,,true,true,6131237
ATL,ATL,ATLANT,,atlant,0.4885974647301588,,-5.308851605347377,-29.815672796172972,-44.161448399559625,189.36110805488255,,,,37302,true,2017-11-01 11:40:00,12548000,,,true,true,6130921
ODN,ODN,Obsidian,,obsidian,0.25605354030395117,,-7.615453103132075,-39.16977861206799,-67.32238038466232,-27.827546545784816,,,,106887,true,2017-09-30 17:10:00,23742192,,,true,true,6079273
2GIVE,2GIVE,2GIVE,,2give,0.011895753785714286,,-7.201891851329467,-4.455047982179671,-31.69535863220269,94.16173741915264,140.64766092839048,2935.4099240296455,,13592,true,2016-05-16 18:20:00,509207708,,,true,true,6057410
BUZZ,BUZZ,BuzzCoin,,buzzcoin,0.0003431115201465202,,-3.2264404564885143,-10.59551515847355,-56.67757533965671,-25.676240927081096,,,,35966,true,2017-09-13 02:50:00,17498630129,,,true,true,6003982
ADC,ADC,AudioCoin,,audiocoin,0.0071650909604863205,,-6.234403646907099,-8.621753670720837,-41.54121959500494,121.031569792002,296.91962578098645,1846.640855255375,,6102.5,true,2015-06-05 13:05:00,835807234,,,true,true,5988635
INN,INN,Innova,,innova,3.09,,3.1451687114735636,-12.255700489369818,-63.19753694827829,-2.4103536667240295,,,,72344,true,2017-11-08 20:55:00,1912676,,,true,true,5909634
EXCL,EXCL,ExclusiveCoin,,exclusivecoin,1.324822875367781,,-1.2546730153217343,-8.342549123787101,-33.08684841191869,30.664965071567295,23.709831786385504,20193.28764162051,,72391,true,2014-09-30 08:00:00,4377972,,,true,true,5800039
KRB,KRB,Karbowanec,,karbowanec,1.119384731129214,,-6.402210820026482,-9.937521234610577,-10.017502747570434,-39.857578055098436,1045.6229127411368,4063.2284091206116,,67722,true,2016-08-12 01:50:00,5144504,,,true,true,5758679
WISH,WISH,MyWish,,mywish,0.3057455683109757,,-3.758779331748073,-24.77384535152884,-61.619122488633,,,,,48147,true,2017-11-28 20:15:00,18171857,,,true,true,5555965
MONK,MONK,Monkey Project,,monkey-project,10.43,,-3.633278301473111,-30.910212043994427,-40.11949504330274,,,,,45992,true,2017-11-26 01:05:00,516518,,,true,true,5388355
UFR,UFR,Upfiring,,upfiring,0.3445948743546101,,-3.902404901696519,5.81641144725541,-59.701473334766234,634.4787889807271,,,,16155,true,2017-11-14 22:55:00,15582766,,,true,true,5369742
CANN,CANN,CannabisCoin,,cannabiscoin,0.07169045444522962,,-12.139398585979274,-22.246292318743112,-43.51202914657373,144.29588456998562,51.44966314530615,2308.433532671555,,62337,true,2014-08-02 22:10:00,74541871,,,true,true,5343941
DFT,DFT,DraftCoin,,draftcoin,1.9514532971858973,,-1.9708448043543558,11.67388999665417,32.9081487749196,132.18351433195784,577.6826122407797,,,348465,true,2015-11-23 20:20:00,2702293,,,true,true,5273399
PRIX,PRIX,Privatix,,privatix,4.65,,-0.6202845677618161,-1.9504262885188135,-33.231115108291334,140.07195155191448,,,,12390,true,2017-11-16 19:35:00,1112314,,,true,true,5176692
TRC,TRC,Terracoin,,terracoin,0.23639990509177214,,1.9223797737689432,6.504202354968252,-25.451362917404424,47.39142024610259,158.2976350923324,4160.062724149647,,4359.98,true,2013-04-28 18:50:00,21854678,,,true,true,5166444
EVC,EVC,EventChain,,eventchain,0.16668283634650455,,-13.08790790587929,-46.294050984834584,-69.33241390275909,,,,,557.75,true,2017-11-29 19:00:00,30531507,,,true,true,5089078
AMM,AMM,MicroMoney,,micromoney,0.47523437824041836,,-6.712185776705177,-10.639077851377793,-46.521461352242696,,,,,2230786,true,2017-12-18 01:40:00,10140479,,,true,true,4819105
IC2,IC,Ignition,,ignition,15.87,,1.8278063499521848,24.478143737021366,-55.64375167169866,,,,,72823,true,2018-01-15 00:25:00,297707,,,true,true,4725063
PUT,PUT,PutinCoin,,putincoin,0.01274350037328768,,-7.794763985713053,-1.1326774500762808,-37.12369729184719,3.5188584687248996,-67.698628265759,267.6993311408785,,13149,true,2016-07-07 05:30:00,362964182,,,true,true,4625434
SMS,SMS,Speed Mining Service,,speed-mining-service,44.53,,-7.893287390887149,-19.67381555878791,,,,,,27772,true,2018-01-30 21:10:00,102798,,,true,true,4577153
XGOX,XGOX,GO! Coin,,go-coin,0.0031558217288732413,,-3.789654108291493,-20.883271866744817,-60.707162204825124,-44.29896925968673,,,,11512,true,2017-10-18 23:15:00,1445904178,,,true,true,4563016
CL,CL,Coinlancer,,coinlancer,0.06409312140425534,,-6.62304554079763,-12.011338700014083,-76.62311516963413,,,,,40905,true,2018-01-09 23:35:00,70587728,,,true,true,4524188
VSL,VSL,vSlice,,vslice,0.1338453356643356,,-9.50459972347512,-12.219761495424336,-27.649718841443438,24.404801733735145,-87.15475438077269,,,1595.86,true,2017-08-17 00:09:17,33390492,,,true,true,4469162
OPT,OPT,Opus,,opus,0.03202380055927054,,-16.637657930736268,-26.23101121880588,-68.33913989301433,,,,,6574.64,true,2017-08-29 15:55:00,137212280,,,true,true,4394059
EGC,EGC,EverGreenCoin,,evergreencoin,0.330044488402827,,-5.0588050416333346,-1.3699286587560762,-27.932589669609442,35.3463419859696,75.64758110596897,2219.5730633038306,,18936,true,2016-01-10 19:55:00,13090116,,,true,true,4320321
CREA,CREA,CREA,,crea,0.3279966887915194,,-11.669965443442898,-20.021829760314176,-47.415119169048566,69.69803312621819,44.481316522136325,,,9058.97,true,2017-05-14 21:00:00,13133931,,,true,true,4307886
START,START,Startcoin,,startcoin,0.09749957123674911,,-6.922891944362261,-15.863979262831169,-36.26577759905287,104.83560997865591,117.48903403682513,1224.3064328341618,,37133,true,2014-06-15 15:05:00,44026886,,,true,true,4292603
SPR,SPR,SpreadCoin,,spreadcoin,0.45394866305614034,,7.943153769306215,-12.576127461966975,-68.19740877311132,76.08088049762488,-84.0398709753233,2566.301722392727,,97303,true,2014-10-26 23:30:00,9419682,,,true,true,4276052
SWIFT,SWIFT,Bitswift,,bitswift,1.1159411343498227,,-6.751517207547124,-32.46008152427528,-25.214755824794704,7.0604074165535256,-4.271719013063099,4281.525112500937,,10055,true,2014-10-05 17:50:00,3805095,,,true,true,4246262
BLU,BLU,BlueCoin,,bluecoin,0.006928094345454546,,-35.79403058876877,7.305977950383665,-29.71997027717423,77.55480341972512,285.2921689239161,11547.79437848504,,968.41,true,2014-04-28 03:25:00,588530102,,,true,true,4077392
RAIN,RAIN,Condensate,,condensate,0.029631028773049642,,1.1302575962407337,-3.5872622889987307,-38.63554566342126,0.3358923845851013,-72.63762120583101,,,10236,true,2017-05-08 21:15:00,135781604,,,true,true,4023349
CHC,CHC,ChainCoin,,chaincoin,0.2774644210906251,,-4.1627524821887345,-23.092614669363464,-57.73781481201525,-5.3206433839256295,31.436675880629593,143661.76602075642,,10135,true,2015-07-16 20:15:00,14472454,,,true,true,4015591
FYP,FYP,FlypMe,,flypme,0.28351052486850176,,-16.01459828401292,-1.2325029327155985,-69.65554210625507,190.67396363674615,,,,10139,true,2017-10-31 19:55:00,14049938,,,true,true,3983306
ZER,ZER,Zero,,zero,1.533585260101538,,-7.6201588696332605,-12.768486888624492,-50.87012726715534,466.68810052575117,612.9913430809241,,,12374,true,2017-03-20 21:55:00,2590007,,,true,true,3971997
SLT2,SLT,Smartlands,,smartlands,0.7728599999999964,,9.00943532616005,48.05222420278117,,,,,,16612,true,2018-01-25 21:55:00,5100896,,,true,true,3942278
SEND,SEND,Social Send,,social-send,0.12658626827439015,,-16.862288731808665,-40.387046408059504,-73.76571219444934,,,,,26411,true,2017-12-06 21:55:00,30352981,,,true,true,3842271
NOTE,NOTE,DNotes,,dnotes,0.02953863521884497,,-8.95230175572839,-5.3856224295948785,-54.52274783036681,187.72671299665944,-38.20082247044621,358.26306252933415,,5912.44,true,2014-03-08 16:00:00,129759559,,,true,true,3832920
PROC,PROC,ProCurrency,,procurrency,0.039438820056939515,,-6.0921403413742246,-10.903943151896346,-73.7035668935471,23.79478742470164,-36.915420165042576,,,53996,true,2017-04-27 18:20:00,95139376,,,true,true,3752185
IXC,IXC,Ixcoin,,ixcoin,0.186260263943463,,-4.772726782117097,-11.593490286813712,-33.92369929043206,91.62890076661033,109.10064789881801,3307.432133441953,,2392.51,true,2013-05-08 05:25:00,20076838,,,true,true,3739517
ARCT,ARCT,ArbitrageCT,,arbitragect,0.01779848966666668,,-2.288555382106493,8.12774142035044,-71.2778909698018,,,,,31876,true,2018-01-17 17:40:00,209952137,,,true,true,3736831
QRK,QRK,Quark,,quark,0.01443294524390244,,-12.10044011633409,2.6054437641396357,-37.125180786229166,39.21913987892869,-34.99572766840683,1142.4082861881886,,9552.08,true,2013-08-25 17:50:00,252498191,,,true,true,3644293
EBST,EBST,eBoost,,eboostcoin,0.3090996811276597,,-11.762089736983167,-12.31847153535649,-35.66724588714562,181.6585389791822,59.22356354912273,,,166671,true,2017-06-06 01:50:00,11754070,,,true,true,3633179
PYLNT,PYLNT,Pylon Network,,pylon-network,10.26,,-18.368037846601275,-26.465722697889007,-55.41427058047408,,,,,4803.16,true,2018-01-01 19:30:00,333299,,,true,true,3418593
CBX,CBX,Bullion,,cryptogenic-bullion,3.44,,7.665659636785234,-9.860661562409787,-24.009765327078366,59.150905809982355,197.77266700948968,3326.2949767795044,,2751.28,true,2013-08-04 18:55:00,988923,,,true,true,3402150
EFL,EFL,e-Gulden,,e-gulden,0.21054217919756835,,-6.751737840220182,-20.768372660941004,-34.473082365825206,32.57834990506738,78.95055831133743,1191.3996415520608,,9165,true,2014-03-26 12:50:00,16014534,,,true,true,3371735
CARBON,CARBON,Carboncoin,,carboncoin,0.0001767102542372882,,-15.192628808763367,-17.44268318150865,-45.894423936948385,115.33997873619302,239.07816376331726,,,1145.51,true,2014-08-02 21:25:00,19049070311,,,true,true,3366166
ADZ,ADZ,Adzcoin,,adzcoin,0.08207499393373502,,-1.6205431196109201,28.410665163727955,-13.003497975117039,284.19833579109775,77.98331498065728,157.66237867488414,,5244.57,true,2015-12-26 01:00:00,40764143,,,true,true,3345717
PURE,PURE,Pure,,pure,1.022821033523465,,-11.89832807442933,-20.17193082642533,-62.045262384415246,196.6960512451091,,,,22357,true,2017-11-04 19:05:00,3268049,,,true,true,3342630
XMG,XMG,Magi,,magi,0.4346258060848056,,-1.5308208591354022,-10.944014505538508,-43.426454991006764,64.5816611782111,93.42982680855884,1567.308191946656,,23143,true,2014-09-24 03:10:00,7615201,,,true,true,3309763
YOC,YOC,Yocoin,,yocoin,0.029972487720306525,,-12.522520629252925,-20.54778360044274,-31.329454295528343,,927.7066353874873,,,14698,true,2017-08-12 00:10:00,109702312,,,true,true,3288051
GXX,GXX,GravityCoin,,gravitycoin,2.12,,-5.866442882104224,414.27596479798996,410.6865793476615,5300.526744927728,6293.170067168076,,,106077,true,2015-06-26 12:40:00,1529189,,,true,true,3241166
ZEPH,ZEPH,ZEPHYR,,zephyr,0.025681624475524484,,0.7810529880477676,-13.178653123455748,-36.74016704886228,,,,,4457.95,true,2017-11-08 20:10:00,125990515,,,true,true,3235641
ELLA,ELLA,Ellaism,,ellaism,0.6340198393992936,,-0.1826744189438648,-7.929854117288338,-52.92202663948817,179.64609336467078,,,,15234,true,2017-10-30 18:00:00,5042925,,,true,true,3197315
LDOGE,LDOGE,LiteDoge,,litedoge,0.00020981003409090908,,3.7204572995964122,-12.19042466824251,-13.671052967410196,155.55758328506855,194.7971291662945,2577.8194220272726,,6490.37,true,2015-03-19 05:40:00,15053333468,,,true,true,3158340
DCY,DCY,Dinastycoin,,dinastycoin,0.002267544729483283,,25.83066899618482,15.243731885394624,-29.45713507218479,365.44948644746785,419.977181212984,,,15895,true,2017-06-24 23:25:00,1371588221,,,true,true,3110138
EQT,EQT,EquiTrader,,equitrader,0.2890465626656534,,-15.246396778707046,-4.2037931052060955,-50.40909375946489,-14.075100490395945,-53.43003016484615,,,11883,true,2017-05-24 21:40:00,10024050,,,true,true,2897417
DP,DP,DigitalPrice,,digitalprice,0.1473762000636042,,11.132221124782818,18.678656849538573,-52.787687271776754,381.8469046148401,637.0617345325425,86905.26483404316,,18781,true,2014-10-04 21:00:00,18199437,,,true,true,2682164
IFLT,IFLT,InflationCoin,,inflationcoin,3.171489843750002e-05,,-26.577241902284936,-48.49406290741399,-41.8318405810985,282.3857349778557,-45.573560768734076,168.2786215532597,,1195.34,true,2017-01-12 04:35:00,80373208930,,,true,true,2549028
STAK,STAK,STRAKS,,straks,1.3214384880678547,,-26.928723981332837,-37.4054228449538,-68.8938824598932,,,,,12970,true,2018-01-01 20:00:00,1892710,,,true,true,2501101
XPD,XPD,PetroDollar,,petrodollar,0.039139624847761185,,1.4221511589124916,100.51279761773195,104.00312326230228,1627.7385012278578,1920.9391600561817,7249.762488307387,,433536,true,2014-04-15 04:40:00,63577623,,,true,true,2488404
42,42,42-coin,,42-coin,60158,,-15.624880655034405,-22.732114071013168,-14.67968972649275,273.2805495940989,443.6977987162738,11498.38666594712,,4949.76,true,2014-01-14 04:35:00,41,,,true,true,2479316
CNT,CNT,Centurion,,centurion,0.006856329348837199,,13.968240505937409,,-85.11169581824845,-93.9421465561955,-88.30728794685623,-89.35114034283171,,967.77,true,2017-02-22 00:50:00,361389627,,,true,true,2477806
MCRN,MCRN,MACRON,,macron,0.0005211195762711874,,-14.992363698614449,46.08961230487666,-89.8959809528394,534.742545328636,441.86918217143943,,,2563.41,true,2017-04-25 20:35:00,4652114481,,,true,true,2424308
VIVO,VIVO,VIVO,,vivo,2.01,,-12.222889852500824,-27.156781280427644,-75.94697794375466,-33.31878682744535,,,,21852,true,2017-09-12 17:35:00,1190515,,,true,true,2391094
ARC,ARC,Advanced Technology Coin,,arcticcoin,0.09622557939370079,,-4.9298925293170734,-14.402482426807403,-41.1415586334985,74.89959579897831,18.814541175744626,5803.664819489441,,9881.18,true,2016-10-19 21:45:00,24610258,,,true,true,2368136
CRM,CRM,Cream,,cream,0.05335404323381294,,-10.37723492490909,-7.179868379072183,-7.330770276939587,,50.7547201522758,,,3336.53,true,2017-07-31 04:20:00,43540243,,,true,true,2323048
UNIFY,UNIFY,Unify,,unify,0.1250686636903914,,1.299056590782269,-9.628419511209582,-45.93079828821635,187.690479309657,406.90810723981593,,,12444,true,2017-06-23 20:20:00,17674549,,,true,true,2210532
WTT,WTT,Giga Watt Token,,giga-watt-token,1.1704720831935487,,-4.241826924463328,9.640030955998464,-12.829366760002129,-31.592469524166145,,,,2707.06,true,2017-09-02 18:10:00,1873610,,,true,true,2193009
MOIN,MOIN,Moin,,moin,0.30323647225914635,,-4.553029759053793,5.389488275615832,-32.65805956346106,152.38515261852308,112.64061903501887,2289.894457508647,,6487.78,true,2016-01-04 20:55:00,7162351,,,true,true,2171886
UNI6,UNI,Universe,,universe,0.13430942995762693,,-5.903406619470222,12.31897936768628,67.86291254269071,278.31944520879335,375.33667750889504,,,1131.68,true,2017-04-01 21:45:00,15148664,,,true,true,2034608
OPC,OPC,OP Coin,,op-coin,0.014432235703180205,,-26.40218798427359,-54.59827627490621,-79.70288978656428,,,,,41989,true,2018-01-09 23:35:00,139907532,,,true,true,2019178
CDX,CDX,CDX Network,,cdx-network,0.06724671263782053,,-2.4650575029877446,-1.7811805035377628,-66.24310016486223,,,,,1973.58,true,2018-01-12 05:00:00,30020915,,,true,true,2018808
LINX,LINX,Linx,,linx,0.1131074399148937,,-7.927844584861641,-18.860020534501356,-54.22076873384927,55.943921569599844,-21.651788012019473,,,14851,true,2017-06-16 20:00:00,17510848,,,true,true,1980607
KEK,KEK,KekCoin,,kekcoin,0.1797102230334347,,-4.783595327694417,-1.888077613739883,-15.554510644407607,96.25790138671724,161.94958821963414,,,193.37,true,2017-07-31 06:05:00,10329084,,,true,true,1856242
INSN,INSN,InsaneCoin,,insanecoin-insn,0.10069916230434783,,-7.59373536772894,-24.39316631901205,-39.1350336777892,187.95876473103138,-29.71637610559825,,,7273.22,true,2017-05-17 15:15:00,17931650,,,true,true,1805702
ZENI,ZENI,Zennies,,zennies,0.0017272338834355822,,-9.356498060068464,-8.951949464059894,-25.854891643750943,10.320523222564766,-55.88426231085871,,,1209.26,true,2017-04-18 00:10:00,1038072269,,,true,true,1792994
ECASH,ECASH,EthereumCash,,ethereumcash,0.13964316991156456,,-5.662098712984779,-7.11120860786197,-36.12911557309131,942.685344740477,,,,13048,true,2017-10-13 20:10:00,12809931,,,true,true,1788819
WAND,WAND,WandX,,wandx,0.1707454985928144,,1.0702695093271395,-35.61547026811926,-67.088387769576,,,,,1340.39,true,2017-12-29 04:45:00,10378691,,,true,true,1772115
ATS,ATS,Authorship,,authorship,0.01868024444169612,,-8.574344387267278,8.89371472691404,-28.395880926276067,241.4097369591534,,,,9424.98,true,2017-10-14 21:35:00,87605820,,,true,true,1636498
ORB,ORB,Orbitcoin,,orbitcoin,0.5176350384847559,,-5.3392077039734085,5.9121736280864186,-15.866471234530774,69.67911135458084,159.79482135498264,742.9170691083356,,159.5,true,2013-12-21 18:20:00,3084163,,,true,true,1596471
ITT,ITT,Intelligent Trading Tech,,intelligent-trading-tech,0.14722615593928579,,2.739976612224452,-42.724484848132086,-66.50083858185755,,,,,2759.05,true,2017-10-27 05:05:00,10832292,,,true,true,1594797
ZET,ZET,Zetacoin,,zetacoin,0.009640209035019455,,-10.240877077597972,-7.738495406755217,-20.80238657526113,60.76173514741087,-59.948695157792386,367.6917363374264,,4623.03,true,2013-09-11 01:50:00,164972028,,,true,true,1590365
SUR,SUR,Suretly,,suretly,6.84,,1.074948332146357,-16.78450462998114,-22.764850464761473,81.38287172723889,,,,59203,true,2017-08-30 02:15:00,221923,,,true,true,1517253
SHORTY,SHORTY,Shorty,,shorty,0.013890361385474856,,3.1410908573989045,-9.329900133651954,-21.276786350199863,65.77679850656585,195.18610858944473,894.9421320154275,,7.1,true,2016-12-15 02:15:00,107249835,,,true,true,1489739
XCN,XCN,Cryptonite,,cryptonite,0.003749573671328671,,-15.314543922890639,-9.655388368493837,-64.34345554272646,1.6008916303407252,-66.36557262792373,527.6421025547666,,5921.81,true,2014-08-02 21:25:00,394077421,,,true,true,1477622
BRO,BRO,Bitradio,,bitradio,0.24491066692401225,,-38.520761450874694,-6.68994805754347,-65.27162598746511,65.03089718704636,86.13905329595674,,,2347.48,true,2017-06-25 01:35:00,6017599,,,true,true,1473774
ELE,ELE,Elementrem,,elementrem,0.02714379318750005,,-17.267708291956392,-20.124422468626843,-47.568114972512554,117.05356975082395,502.81969307185176,5127.367340869877,,522.77,true,2016-08-08 21:55:00,51511713,,,true,true,1398223
HPC,HPC,Happycoin,,happycoin,0.08250587028413287,,-11.603283877990663,-16.166514872301974,-8.622832851527885,26.171257696567206,18.841817455192768,,,22838,true,2017-04-18 04:30:00,16083110,,,true,true,1326951
HODL,HODL,HODL 2.0,,hodl-token,0.008205011329787234,,-6.145381840794731,3.989663683081681,-55.73495931846995,495.3591741805954,607.7873832025355,678.6398205420385,,623.81,true,2016-03-18 23:15:00,160975822,,,true,true,1320808
DGC,DGC,Digitalcoin,,digitalcoin,0.04628187359717312,,-8.819644335511537,5.082891107881063,-40.82601879218659,457.6220817465442,634.8568462275333,776.4613221158717,,1535.57,true,2013-06-09 18:00:00,27624002,,,true,true,1278491
GUN,GUN,Guncoin,,guncoin,0.006373018742049473,,-3.5739713306232117,-3.3170188258830287,-31.298256659796102,311.05338586593484,1389.3183614373027,11363.299107038398,,763.21,true,2014-05-11 17:15:00,198198134,,,true,true,1263120
EL,EL,Elcoin,,elcoin-el,0.11631755395683467,,-3.244183911883266,5.972663781257527,15.397205406361532,587.5426262743903,310.5893726826986,688.0886936386768,,5706.68,true,2016-05-05 18:10:00,10815166,,,true,true,1257994
ITI,ITI,iTicoin,,iticoin,39.72,,-0.841585719156818,0.5055011182503053,-28.920799191139462,,158.48366977489954,,,766.12,true,2017-05-12 16:50:00,31528,,,true,true,1252261
MEC,MEC,Megacoin,,megacoin,0.03456106570070423,,-14.581510530184186,-7.861688467167729,-63.35790419063451,-20.341404189713053,-77.40912304903244,151.32022249006422,,3335.84,true,2013-07-07 14:00:00,36080563,,,true,true,1246983
BITS,BITS,Bitstar,,bitstar,0.03330077437391302,,-37.108946162438144,-30.29026626558083,-54.69757359383101,28.934947444809428,201.60020717320748,261.2162960479375,,857.42,true,2014-04-23 12:05:00,37222012,,,true,true,1239522
HTC,HTC,HitCoin,,hitcoin,8.522076923076937e-05,,-6.525496098347644,-32.28502228978341,-49.92564597969933,4.014682540665284,14.137867438500523,666.436023817853,,674.03,true,2016-04-08 17:30:00,14297142857,,,true,true,1218414
LANA,LANA,LanaCoin,,lanacoin,0.0014204486258992803,,-10.139271486820107,-15.512301477517463,-20.394087078618576,629.4766872758988,427.983722133408,12499.975614322544,,2489.82,true,2016-05-18 22:40:00,849572414,,,true,true,1206774
PIPL,PIPL,PiplCoin,,piplcoin,0.01339111676325088,,-7.3110143128026035,-49.68062434032629,-49.907965465161276,-59.41293115138252,,,,3908.97,true,2017-10-16 23:45:00,89597004,,,true,true,1199804
SMC,SMC,SmartCoin,,smartcoin,0.05034859015162458,,-7.6198147787974,-11.166586332010207,-34.39751294143798,112.54050894250656,312.80426752901434,3540.4842785024307,,1544.38,true,2014-02-06 13:20:00,23791530,,,true,true,1197870
VISIO,VISIO,Visio,,visio,0.023634323320284707,,-1.4153284898822018,-6.4207340993815185,-25.211752615128358,-17.121179759541665,-39.561105454793804,,,2803.56,true,2017-03-07 00:40:00,50097676,,,true,true,1184025
BTCR,BTCR,Bitcoin Red,,bitcoin-red,0.00027119561702127653,,3.587515986872078,,,,-65.38880189816176,9.681091697960142,,19.35,true,2016-11-18 07:40:00,4301313816,,,true,true,1166497
DEM,DEM,Deutsche eMark,,deutsche-emark,0.034419130282685506,,30.02835525717829,23.5768397742847,-34.86427516330037,158.23111544152476,227.60309724751244,1056.4707926059193,,30211,true,2013-12-15 01:55:00,33159277,,,true,true,1141313
CCRB,CCRB,CryptoCarbon,,cryptocarbon,0.331902511295732,,-8.345350359900548,2.3899732172092674,-4.964359796231499,58.10998433647296,-33.72841417172366,-70.68368060595448,,3881.82,true,2017-01-19 23:00:00,3437073,,,true,true,1140773
BTB,BTB,BitBar,,bitbar,32.77,,-14.59342609871211,-22.482214567207713,-31.35136742013591,75.90556039758735,175.1221907054634,5160.704299588773,,1535.24,true,2013-05-09 16:15:00,34734,,,true,true,1138176
FRST,FRST,FirstCoin,,firstcoin,0.6850226514350647,,-16.580292433034792,-63.890876122815456,-92.83393445358247,-95.85169297393907,-87.87267889465885,-7.6314000018715396,,216044,true,2017-02-05 23:55:00,1623782,,,true,true,1112328
TIT,TIT,TittieCoin,,tittiecoin,0.010011949999999995,,0.00603903887315088,-43.33478245625393,-58.602100774951715,87.85931886133875,125.88311671619603,1351.5336554690432,,0,true,2014-08-26 02:40:00,106941205,,,true,true,1070690
USC,USC,Ultimate Secure Cash,,ultimate-secure-cash,0.13387067082051254,,10.125438793528398,-14.249551363192964,-66.90943849047974,156.8483509159343,165.08255623854805,,,21.52,true,2017-04-11 20:50:00,7844637,,,true,true,1050167
SCT,SCT,Soma,,soma,0.255922699179878,,-11.15043546037694,-19.905826192559914,-40.31294699321682,,,,,6780.8,true,2017-12-21 08:40:00,4075361,,,true,true,1042978
TROLL,TROLL,Trollcoin,,trollcoin,0.001865523169611307,,-9.084801871108052,-1.0191434313292593,-36.08400639566805,,191.18677365613638,1791.7654376047808,,484.84,true,2014-09-30 08:00:00,556764822,,,true,true,1038658
TSE,TSE,Tattoocoin (Standard Edition),,tattoocoin,0.006101403798586574,,30.277181098720853,148.49527075015743,-48.51007025402543,466.4402167404841,485.19310992176725,4888.5522034244805,,1588.36,true,2017-02-07 20:45:00,163162510,,,true,true,995520
ETGP,ETGP,Ethereum Gold,,ethereum-gold,0.08405077817730501,,-12.928693282981266,-25.135423158766653,-57.84301850171873,462.9832682010121,,,,9687.41,true,2017-10-21 00:55:00,11778303,,,true,true,989976
AMS,AMS,AmsterdamCoin,,amsterdamcoin,0.015350784607843138,,-25.46443047379025,-28.27789822611176,-26.792208071874214,136.67503807655265,187.08892186260942,620.5102269574047,,988.72,true,2015-08-21 02:15:00,60902742,,,true,true,934905
CPC,CPC,Capricoin,,capricoin,0.46769913204402536,,-8.045487528392885,-15.369183523582597,-45.47550588456369,34.61579956289042,-5.383323454807222,312.2303090927534,,88792,true,2015-07-23 13:45:00,1947260,,,true,true,910732
CJ,CJ,Cryptojacks,,cryptojacks,0.002190232705673759,,-5.153229625211472,-28.3087580734733,-68.14388526068245,,624.430714980792,1293.0382941343912,,6834.09,true,2016-07-11 19:20:00,413029679,,,true,true,904631
NYAN,NYAN,Nyancoin,,nyancoin,0.0028309187208480566,,-11.006631804585373,-7.514484350284409,-39.55125686063115,320.49196318990647,633.7811400537042,3517.167788231881,,4887.43,true,2014-02-10 01:05:00,312400036,,,true,true,884379
XPTX,XPTX,PlatinumBAR,,platinumbar,1.5190006894891308,,-4.139087889059833,-2.561974791883429,-33.600107606424615,145.76728384742123,331.9214720740921,958.187731991065,,4923.82,true,2016-05-17 16:55:00,560440,,,true,true,851310
NETKO,NETKO,Netko,,netko,0.17961763705792672,,-7.169815276491609,-23.41253625198951,-48.214721923260704,5.5935859413551,-32.3012801426106,,,753.18,true,2017-03-20 21:55:00,4739532,,,true,true,851304
VIDZ,VIDZ,PureVidz,,purevidz,0.006974749841880339,,-0.3446396077897606,-8.561133214332319,-58.16906833723113,250.88972425659622,324.614755664008,88.5563246063178,,3287.83,true,2017-01-19 23:00:00,118818479,,,true,true,828729
SIGT,SIGT,Signatum,,signatum,0.006386724773869344,,4.400720028900359,6.445412897822387,-34.623379021274644,-76.69543798777029,-86.94076060634394,,,343.56,true,2017-07-24 20:40:00,123785864,,,true,true,790586
MOJO,MOJO,MojoCoin,,mojocoin,0.06383114956737591,,-8.078161315233732,-3.8790267601183657,-16.434121294639187,440.2193889616536,469.2957341505152,11022.198645067454,,8513.62,true,2016-04-06 19:40:00,12246211,,,true,true,781690
ENT,ENT,Eternity,,eternity,0.20060553916607782,,15.69095561901329,-24.15513984550915,-56.723872653307254,117.19806126353231,-51.12647668860774,8303.771364033044,,18181,true,2016-12-07 02:25:00,3786344,,,true,true,759562
EQL,EQL,EQUAL,,equal,0.004137261416413373,,0.4944095080877194,-12.033939759285719,,,,,,33559,true,2018-01-30 05:25:00,175701788,,,true,true,726924
PXC,PXC,Phoenixcoin,,phoenixcoin,0.011065737837455831,,-10.624620963379664,-10.890635020181422,-24.072482758281158,111.9324295657008,43.140618600915914,,,5115.39,true,2013-07-04 05:20:00,63009006,,,true,true,697241
XHI,XHI,HiCoin,,hicoin,0.003886871855633804,,-6.70734722181021,-9.839542088124105,-35.11054472216584,-22.394501555139552,186.44408316709522,13.228772558990192,,75941,true,2016-05-04 00:10:00,177760622,,,true,true,690933
GB,GB,GoldBlocks,,goldblocks,0.04425394546953405,,-9.580486567082144,-9.985952115436227,-44.27494020065219,16.020766197380187,236.8613033341831,140.99765296372146,,1399.96,true,2016-06-14 17:25:00,14877924,,,true,true,658407
XPY,XPY,PayCoin,,paycoin2,0.04313557617857143,,-14.8094157554157,-33.456706361023485,-65.29959159384285,196.17783993456823,110.12132460596311,1703.549232431781,,4,true,2014-12-16 05:40:00,14385349,,,true,true,620520
AMBER,AMBER,AmberCoin,,ambercoin,0.01374921399115044,,-1.6372175989797229,-46.022078830623194,-44.06242466639194,,90.81832790091985,197.9629342187447,,15.23,true,2015-02-06 13:20:00,42805024,,,true,true,588535
DSR,DSR,Desire,,desire,0.5663716257570423,,-15.284239838923257,-48.34363429466929,-74.5643153070125,244.4932545727484,,,,10746,true,2017-11-06 01:55:00,990736,,,true,true,561125
ACE,ACE,TokenStars,,ace,0.34087644250174215,,-4.383801462408724,-6.140005147143757,-22.838568400685062,,,,,743027,true,2017-12-28 07:00:00,1645229,,,true,true,560820
GLC,GLC,GlobalCoin,,globalcoin,0.008750826802690582,,19.794351798800548,10.692893103845027,27.042161019474996,234.700846749278,-32.03994230696108,381.96519155749496,,51.35,true,2013-08-04 18:55:00,63836727,,,true,true,558624
TOKC,TOKC,TOKYO,,tokyo,0.005007180683098593,,-2.7776635789292325,-25.200277360483636,-45.14087412945771,,,,,9458.77,true,2018-01-16 01:25:00,111256056,,,true,true,557079
XCXT,XCXT,CoinonatX,,coinonatx,0.031082039552816906,,-2.060322117196552,-52.205166605248685,-69.4241982598895,333.9164032235259,3.3174772862763824,,,3278.61,true,2017-08-14 02:30:00,17892157,,,true,true,556125
GAP,GAP,Gapcoin,,gapcoin,0.044949551625441696,,-8.392037640656639,-8.435280593985354,-14.979219637678245,260.9681468794959,636.3391959800181,1887.3131393935487,,1015.57,true,2014-11-01 21:25:00,12307472,,,true,true,553215
SWING,SWING,Swing,,swing,0.0870010087719299,,7.904734143692609e-05,-49.29389098582754,-60.726601316451436,36.58453815365917,43.423627960010194,81.34037255009457,,0.229536135,true,2015-09-28 15:50:00,6299575,,,true,true,548069
NANO,NANO,Nano,,nano,9,,17.403202527669652,2.8411364511875705,-36.580814751430395,5683.841436013152,6285.919642092767,,,110422614,true,2017-03-07 00:40:00,60104,,,true,true,540751
LTB,LTB,LiteBar,,litebar,0.6103773901448766,,-5.719667246139239,-14.170260348362449,-26.9146250480559,268.93398965420437,267.6381953937544,5119.064383668685,,1537.3,true,2014-03-12 05:35:00,861589,,,true,true,525895
CHESS,CHESS,ChessCoin,,chesscoin,0.009203242071684586,,-3.6982698561614615,4.219738859730437,-29.987288955503583,140.12956738197326,176.26591097811,5679.759104199026,,682.74,true,2016-07-02 03:45:00,52920570,,,true,true,487041
XRA,XRA,Ratecoin,,ratecoin,0.0040171168871595345,,-0.006394461917032703,-12.177782244063069,-37.317567885071135,151.30557030335098,176.04307762649253,2004.4724422624097,,519.31,true,2015-06-26 12:40:00,120992516,,,true,true,486041
BOLI,BOLI,Bolivarcoin,,bolivarcoin,0.05326325028723405,,-4.728175616825964,10.319486872528477,-33.59104095540504,166.94205545716287,252.62880646208106,2116.3222769345557,,1672.41,true,2015-09-08 21:35:00,9028382,,,true,true,480881
POST,POST,PostCoin,,postcoin,0.03007210476842104,,0.02658349279706892,-2.1217448678175668,-45.42994116672595,38.73611002984412,-11.5378243679464,125.17238569498714,,2619.1,true,2016-04-08 17:30:00,15973157,,,true,true,480346
TEK,TEK,TEKcoin,,tekcoin,0.0003359629703703702,,-3.10750478200093,-12.028977663230082,78.479681998919,309.21008174485746,122.2689517505889,508.0163851607032,,3907.12,true,2014-05-20 13:15:00,1403478358,,,true,true,471517
NEVA,NEVA,NevaCoin,,nevacoin,0.17741725972340422,,-8.291595187363429,-0.730627563260132,30.31581123300619,468.9136782670262,527.5383840368357,3175.420938760359,,1870.88,true,2016-03-22 20:05:00,2599996,,,true,true,461284
INFX,INFX,Influxcoin,,influxcoin,0.2789461854893616,,-13.532094850277678,-72.84653446476439,-83.4994937958605,-60.53624467467256,-52.372112429230334,841.1219849182276,,39011,true,2015-09-15 20:10:00,1650250,,,true,true,460331
EVIL,EVIL,Evil Coin,,evil-coin,0.01800486692000002,,-24.297108078753844,-42.23826350422035,-52.961854492591556,116.22379002230277,192.74833537673004,4120.51369786756,,1401.04,true,2016-01-31 08:50:00,24904786,,,true,true,448407
STV,STV,Sativacoin,,sativacoin,0.06398694508865248,,-13.66735583052627,-48.15035378114508,-5.862512820588404,283.35914436087745,250.64984350515599,1086.8426505405994,,1362.47,true,2014-10-20 05:05:00,6906096,,,true,true,441900
ONX,ONX,Onix,,onix,0.016044704277310907,,-12.555723750240391,-33.97745798137738,-44.75155515392796,-94.78446230979971,528.3437358062899,,,3360.21,true,2017-06-25 00:00:00,27327260,,,true,true,438458
MARS,MARS,Marscoin,,marscoin,0.015426699999999948,,-7.108921980092971,-14.362717886088799,-17.07364667919089,451.3170862873924,460.3895827307102,,,110.71,true,2014-02-24 13:45:00,28279074,,,true,true,436253
ARCO,ARCO,AquariusCoin,,aquariuscoin,0.2719948089326239,,-10.151996438937768,-2.1620480031362024,-35.793388447782604,305.2145474607046,273.08518567403854,2761.248745065651,,627.04,true,2016-05-04 00:10:00,1569571,,,true,true,426915
SGR,SGR,Sugar Exchange,,sugar-exchange,0.11984302948936162,,0.7693111595570902,-22.64108320484519,-67.53727224937127,,,,,28083,true,2017-11-19 06:10:00,3411385,,,true,true,408831
LEA,LEA,LeaCoin,,leacoin,0.0012352297773851586,,-14.748185712136946,-23.7352256193276,83.18532857325339,147.37930994715532,688.1388554681266,5203.7233548050035,,6177.98,true,2015-04-19 15:45:00,329670496,,,true,true,407219
EMD,EMD,Emerald Crypto,,emerald,0.021154371989399286,,-3.059790975196515,9.59901760496771,-31.36418706591938,172.8127629746091,148.07760485306963,5356.269755834028,,2179.17,true,2013-08-04 18:55:00,18725712,,,true,true,396131
